,title,content
0,"하나은행, 임영웅 출전 자선축구대회 성료…3만5천명 구름관중",하나은행은하나금융그룹의 광고모델인 임영웅과 함께 사회취약계층 지원을 위해 개최한 ‘하나은행 자선축구대회’가 3만5000여명의 구름관중을 동원하며 성공적으로 마쳤다고 14일 밝혔다. 하나은행 자선축구대회는 하나금융의 광고 모델이자 대한민국 대중음악을 선도하는 가수 임영웅이 직접 선수로 출격해...
1,"하나은행, 임영웅과 대전서 자선축구대회 열어",하나은행은 하나금융그룹의 광고모델인 가수 임영웅과 사회취약계층 지원을 위한 자선축구대회를 열었다고 14일 밝혔다. 하나은행에 따르면 지난 12일 오후 7시 하나금융그룹의 프로축구단 대전하나시티즌의 홈구장인 대전월드컵경기장에서 열린 이번 대회에는 3만5000여명의 관중이 몰렸다. 경기장에는...
2,"하나은행, 제32회 자연사랑 어린이 미술대회 시상식 개최","이투데이=손희정 기자 | 하나은행은 인천 청라에 있는 하나글로벌캠퍼스에서 ‘제32회 자연사랑 어린이 미술대회’ 본선 및 시상식을 개최했다고 14일 밝혔다. 1993년부터 매년 개최해 올해 32주년을 맞이한 자연사랑 어린이 미술대회는 환경부, 문화체육관광부, 산림청, 서울시립미술관 등이 후원하는 국내 최고..."
3,"“우리 모두는 단 하나의 초록별 탐험가”..하나은행, 어린이 미술대회...","하나은행이 지난 12일 인천 청라 하나글로벌캠퍼스에서 제 32회 자연사랑 어린이 미술대회 본선과 시상식을 열었다고 14일 밝혔다. 지난 1993년부 시작된 하나은행 '자연사랑 어린이 미술대회'는 올해로 32회를 맞았다. 은 이 대회가 환경부, 문화체육관광부, 산림청, 서울시립미술관 등이 후원하는 국내..."
4,"여자농구 하나은행, 연고지 내 노인복지관 찾아 봉사활동 진행",여자프로농구 부천 하나은행이 지역 내 노인 시설을 찾아 봉사활동을 진행했다. 14일 하나은행 구단에 따르면 김도완 감독 선수단과 사무국 직원들은 12일 부천시에 위치한 원미노인복지관을 방문했다. 부천시원미노인복지관은 사회복지법인 연꽃마을 산 하시설로 부천시로부터 수탁 운영되는 노인복지...
5,[금융 브리핑] 신한은행·우리은행·하나은행,"[사진 = 하나은행 제공] ◇ 하나은행, 임영웅 출전 자선축구대회 성료 하나은행(은행장 이승열)은 하나금융그룹 광고모델 임영웅과 함께 사회취약계층 지원을 위해 개최한 '하나은행 자선축구대회'에서 3만 5000여명의 관중을 동원해 성공적으로 마쳤다고 14일 밝혔다. 지난 12일 하나금융그룹의 프로축구단..."
6,"하나은행, '제 32회 자연사랑 어린이 미술대회' 시상식 개최",▲하나은행은 지난 12일 인천 청라에 위치한 하나글로벌캠퍼스에서 제 32회 자연사랑 어린이 미술대회 본선 및 시상식을 개최했다.김한욱 하나은행 HR지원그룹 부행장(사진 윗줄 왼쪽 가운데)이 본선에 참석한 어린이들과 기념촬영을 하고 있다. (사진= 제공) 은 지난 12일 인천 청라에...
7,"하나은행, 임영웅과 함께한 자선축구대회 3만5000명 구름관중 속 성황리...",하나은행이 하나금융그룹의 광고모델인 임영웅과 함께 사회취약계층 지원을 위해 개최한 '하나은행 자선축구대회(Hana Bank Charity Match)'가 3만5000명의 구름관중을 동원하며 성공적으로 마쳤다. 사진=하나은행. 하나은행이 하나금융그룹의 광고모델인 임영웅과 함께 사회취약계층 지원을 위해 개최한...
8,"'가족과 특별한 추억'... 하나은행, 자연사랑 어린이 미술대회 개최","하나은행이 지난 12일 인천 청라에 위치한 하나글로벌캠퍼스에서 '제 32회 자연사랑 어린이 미술대회' 본선 및 시상식을 개최했다고 밝혔다. 하나은행이 1993년부터 매년 개최해 올해 32주년을 맞이한 '자연사랑 어린이 미술대회'는 환경부, 문화체육관광부, 산림청, 서울시립미술관 등이 후원하는 국내 최고..."
9,"여자농구 하나은행, 부천시원미노인복지관 봉사활동 진행",여자프로농구 부천 하나은행이 지난 12일 농구단 연고지인 부천시에 위치한 원미노인복지관을 방문해 지역 주민들과 따뜻한 정을 나눴다고 14일 밝혔다. 하나은행이 부천시원미노인복지관은 사회복지법인 연꽃마을 산하시설로 부천시로부터 수탁 운영되는 노인복지 전문기관으로. 부천시 지역 어르신들의 삶의...
10,"하나은행, 제32회 자연사랑 어린이 미술대회 시상식 개최",▲하나은행은 지난 12일 인천 청라에 위치한 하나글로벌캠퍼스에서 제 32회 자연사랑 어린이 미술대회 본선 및 시상식을 개최했다.김한욱 하나은행 HR지원그룹 부행장(사진 윗줄 왼쪽 가운데)이 본선에 참석한 어린이들과 기념촬영을 하고 있다. /사진= 은 지난 12일 인천 청라에 있는...
11,"임영웅, 하나은행과 함께 한 자선축구대회 성공적 마무리","임영웅, 3만5천여 관중에게 축구 실력과 함께 라이브공연까지 수익금 사회취약계층 위해 전액 기부 하나은행은 사회 취약 계층 지원을 위해 개최한 '하나은행 자선축구대회(Hana Bank Charity Match)'가 성공적으로 마무리됐다고 14일 전했다. 이번 대회는 하나금융그룹의 광고모델인 가수 임영웅이 직접 선수로..."
12,"하나은행, 임영웅과 함께한 자선축구대회 3만5000명 구름관중 성료",사진=하나은행 하나은행은 하나금융그룹의 광고모델인 임영웅과 함께 사회취약계층 지원을 위해 개최한 '하나은행 자선축구대회'(Hana Bank Charity Match)가 3만5000여명의 구름관중을 동원하며 성공적으로 마쳤다고 14일 밝혔다. ' 자선축구대회'는 하나금융그룹의 광고모델이자 대한민국 대중음악을...
13,"하나은행, 임영웅과 함께한 자선축구대회…3만5000여명 관중 환호",하나은행은 하나금융그룹의 광고모델인 임영웅과 함께 사회취약계층 지원을 위해 개최한 '하나은행 자선축구대회(Hana Bank Charity Match)'가 3만 5000여명의 구름관중을 동원하며 성공적으로 마쳤다고 밝혔다. '하나은행 자선축구대회'는 하나금융그룹의 광고모델이자 대한민국 대중음악을 선도하는 가수 임영웅이...
14,"""초록별 지구 사랑하는 마음 더욱 커졌으면"" 하나은행 '제32회 자연사랑...",김한욱 하나은행 HR지원그룹 부행장(맨 뒷줄 왼쪽 가운데)이 지난 12일 인천 청라에 위치한 하나글로벌캠퍼스에서 제32회 자연사랑 어린이 미술대회 본선 및 시상식을 개최했다. [사진 하나은행] 하나은행은 지난 12일 인천 청라에 위치한 하나글로벌캠퍼스에서 '제32회 자연사랑 어린이 미술대회' 본선 및...
15,"하나은행, '제32회 자연사랑 어린이 미술대회' 시상식 개최","우먼타임스 = 임현빈 기자 하나은행(은행장 이승열)은 지난 12일 인천 청라에 위치한 '하나글로벌캠퍼스'에서 「제 32회 자연사랑 어린이 미술대회」 본선 및 시상식을 개최했다고 밝혔다. 하나은행이 1993년부터 매년 개최해 올해 32주년을 맞이한 「자연사랑 어린이 미술대회」는 환경부, 문화체육관광부..."
16,"하나은행, 제32회 자연사랑 어린이 미술대회 본선 및 시상식 개최",지난 12일 인천 청라에 위치한 하나글로벌캠퍼스에서 하나은행이 개최한 제32회 자연사랑 어린이 미술대회 본선 및 시상식에서 김한욱 하나은행 HR지원그룹 부행장이 본선에 참석한 어린이들과 기념 촬영하고 있다. 2024.10.14 [ 제공. 재판매 및 DB 금지]
17,"하나은행, 임영웅과 함께한 자선축구대회 3만 5000여명 구름관중 속 진...",하나은행은 하나금융그룹의 광고모델인 임영웅과 함께 사회취약계층 지원을 위해 개최한 '하나은행 자선축구대회(Hana Bank Charity Match)'가 3만 5000여명의 구름관중을 동원하며 성공적으로 마쳤다고 14일 밝혔다. 자선축구대회는 하나금융그룹 광고모델인 가수 임영웅이 직접 선수로 출격해 전현직...
18,"임영웅과 함께한 '하나은행 자선축구대회' 3만 5천여명 구름관중 ""선한...","""이번 자선 축구대회를 통해 단순한 스포츠 이벤트를 넘어 지역 사회와 소통하고 나눔의 가치를 실현할 수 있게 돼 더욱 뜻깊다."" 하나은행(은행장 이승열)은 하나금융그룹의 광고모델인 임영웅과 함께 사회취약계층 지원을 위해 개최한 ' 자선축구대회(Hana Bank Charity Match)'가 3만 5천여명의 구름관중을..."
19,"하나은행, '제 32회 자연사랑 어린이 미술대회' 본선 및 시상식 열어…...","사진제공=하나은행 하나은행(은행장 이승열)은 지난 12일 인천 청라 소재 '하나글로벌캠퍼스'에서 '제 32회 자연사랑 어린이 미술대회' 본선 및 시상식을 개최했다고 14일 밝혔다. 하나은행이 1993년부터 매년 개최해 올해 32주년을 맞이한 자연사랑 어린이 미술대회는 환경부, 문화체육관광부, 산림청..."
20,"하나은행 여자농구단, 부천시원미노인복지관과 함께하는 봉사활동 성료",부천 하나은행 여자농구단(구단주 이승열)은 지난 12일 농구단 연고지인 부천시에 위치한 원미노인복지관을 방문해 지역 주민들과 따뜻한 정을 나눴다. 부천 하나은행 여자농구단이 방문한 부천시원미노인복지관은 사회복지법인 연꽃마을 산하시설로 부천시로부터 수탁 운영되는 노인복지 전문기관으로...
21,"임영웅, 하나은행 자선축구대회 맹활약…공격 포인트 기록→하프타임 ...","비즈엔터 윤준필 기자 | 가수 임영웅이 대전에서 열린 하나은행 자선축구대회에서 맹활약을 펼쳤다. 임영웅은 12일 대전월드컵경기장에서 열린 '쿠팡플레이와 함께하는 하나은행 자선축구대회'에서 '팀 히어로'의 주장으로 출전했다. 임영웅은 자신이 구단주로 이끌고 있는 '리턴즈 FC' 선수들과 김영광, 조원희..."
22,"하나은행, 인천공항공사와 스마트패스 활성화 손잡아",하나은행은 11일 인천국제공항공사와 안면인식 출국 서비스인 '스마트패스 서비스 활성화'를 위한 업무협약을 체결했다고 밝혔다. 스마트패스는 안면과 여권 정보를 사전에 등록하면 인천국제공항 출국장과 탑승구에서 여권과 탑승권을 일일이 제출하지 않아도 안면인식만으로 심사대를 통과할 수 있는...
23,"하나은행, 인천공항공사와 '스마트패스 서비스 활성화' 업무협약",하나은행은 11일 인천국제공항공사와 안면인식 출국 서비스인 '스마트패스 서비스 활성화'를 위한 업무협약을 체결했다고 밝혔다. '스마트패스'는 안면과 여권 정보를 사전에 등록하면 인천국제공항 출국장과 탑승구에서 여권과 탑승권을 일일이 제출하지 않아도 안면인식만으로 신속하게 심사대를 통과할...
24,하나은행 자선축구 대회 참석한 임영웅,"12일 오후 대전 유성구 대전월드컵경기장에서 열린 쿠팡플레이와 함께하는 하나은행 자선축구대회 팀 히어로와 팀 기성용의 경기, 팀 히어로 주장 임영웅이 선수들에게 지시를 하고 있다. 2024.10.12. hwang@newsis.com"
25,3만5천여 명 운집한 하나은행-임영웅 자선축구대회..`대세 입증`,"|스마트투데이=김국헌 기자| 트로트 팬덤 돌풍의 주역 임영웅이 하나은행 자선축구대회에서 4대3으로 졌지만, 자선축구대회를 하드 캐리하며 대세 인기를 입증했다. 하나은행은 하나금융그룹 광고모델 임영웅과 함께 개최한 자선축구대회(Hana Bank Charity Match)가 지난 12일 프로축구단..."
26,'하나은행 자선축구대회' 팀 히어로 vs 팀 기성용[포토],"12일 오후 대전월드컵경기장에서 ‘쿠팡플레이와 함께하는 하나은행 자선축구대회’가 열렸다. 팀 히어로, 팀 기성용 출전 선수들이 기념 촬영을 하고 있다."
27,"이슈 비켜난 이승열 하나은행장 거취, 변수는",하나은행과 신한은행은 금융사고 이슈에서 자유로운 게 사실이다. 올초에는 홍콩 ELS 불완전판매 관련 손실배상 이슈가 있긴 했다. 하나은행은 홍콩 ELS 사태에서도 중심은 아니다. KB국민은행이 압도적으로 많은 물량을 판매한 가운데 은 올 1분기 관련 충당부채로 1799억원을 반영하면서 규모가...
28,"프로농구 부천 하나은행, 연고지 원미노인복지관서 봉사활동 성료","부천 하나은행 여자농구단(구단주 이승열, 이하 하나은행)이 연고지 어르신에게 따뜻한 손길을 전했다. 하나은행은 ""선수단이 지난 12일 농구단 연고지인 부천시에 위치한 원미노인복지관을 방문해 지역 주민들과 따뜻한 정을 나눴다""고 14일 전했다. 선수단이 방문한 부천시원미노인복지관은..."
29,"대전에 뜬 `기부 히어로` 임영웅, 하나은행 자선축구대회 성료","경기 수익금 전액 취약층 지원 하나은행이 하나금융그룹의 광고모델인 가수 임영웅이 참여한 자선축구대회를 성황리에 마쳤다. 이번 대회는 사회취약계층 지원을 위해 마련했으며, 경기 수익금 전액은 취약계층을 돕는데 쓰인다. 13일 에 따르면 전날 저녁 7시 대전하나시티즌의 홈구장인..."
30,"하나은행, 율촌과 패밀리오피스 자산관리 협약","하나은행은 법무법인 율촌과 패밀리오피스 자산관리와 법률자문을 위한 업무협약을 체결했다고 11일 밝혔다. 하나은행은 지난 8월 하나증권과 금융·세무·부동산·법률 등 60명의 전문가로 구성된 '하나 패밀리오피스 원 솔루션' 서비스를 시행한 바 있다. 이번 협약으로 고객에게 세무와 법률 지원, 실제..."
31,[포토] '하나은행 자선축구대회' 시작 전 기념촬영,"10월 12일(토) 오후, 대전시 유성구 노은동 대전월드컵경기장에서 임영웅과 기성용이 출전하는 '하나은행 자선축구대회'가 열렸다. '하나은행 자선축구대회'는 가수 임영웅이 이끄는 '팀 히어로'와 기성용이 이끄는 '팀 기성용'이 맞붙는 대회로 경기 전 '프리뷰쇼'부터 '하프타임 쇼', '리뷰 쇼'까지..."
32,[현장포토] '임영웅 하나은행 자선축구' 인파 몰린 대전,12일 오후 7시 대전 유성구 대전월드컵경기장에서 열리는 '쿠팡플레이와 함께하는 하나은행 자선축구대회'를 앞두고 수많은 축구 팬들과 인파들이 몰려들고 있다. / 독자제공 12일 오후 7시 대전 유성구 대전월드컵경기장에서 열리는 '쿠팡플레이와 함께하는 자선축구대회'를 앞두고 수많은 축구...
33,"하나은행, 인천국제공항공사와 스마트패스 활성화 업무협약 체결",하나은행(은행장 이승열)은 인천국제공항공사(사장 이학재)와 안면인식 출국 서비스인 '스마트패스 서비스 활성화'를 위한 업무협약을 체결했다고 11일 밝혔다. '스마트패스'는 안면과 여권 정보를 사전에 등록하면 인천국제공항 출국장과 탑승구에서 여권과 탑승권을 일일이 제출하지 않아도...
34,7골 폭죽과 한국의 수퍼볼쇼로 모두가 어우러진 감동과 흥겨운 하나은행...,팀 히어로 캡틴 임영웅이 12일 오후 7시 대전월드컵경기장에서 열린 '하나은행 자선축구대회' 팀 기성용과 경기 전반 12분 오반석의 헤더 선취골이 터지자 팀 동료들과 포효하고 있다(사진=김병용 기자) 7골의 골 폭죽과 임영웅의 화려한 무대가 수놓은 대전 한밭이 후끈후끈 흥겨운 축제 한마당이 펼쳐졌다. 12일...
35,"하나은행, AI 활용 '기술력 기반 ML모형' 개발해 기업평가",하나은행은 하나금융융합기술원 '데이터 모델링 셀'과 함께 인공지능(AI) 기술을 활용한 '기술력 기반 머신러닝(ML) 모형'을 개발해 기업평가를 실시했다고 8일 밝혔다. 하나은행에 따르면 기술력 기반 ML 모형은 2014년부터 기술신용평가(TCB)에 축적된 정보를 활용해 기존 신용평가에서 적용되지 않았던 기술력에...
36,"천안시, 세외수입 가상계좌 농협은행에서 국민·기업·신한·하나은행으...","사진 = 천안시청 14일 천안시는 세외수입을 가상계좌 납부 서비스를 확대해 기존 농협은행에서 국민·기업·신한·하나은행을 추가한 5개 은행으로 추가 했다고 밝혔다. 세외수입 가상계좌 납부 서비스란 공공기관 수수료, 과태료, 사용료 등의 세외수입을 편리하게 납부할 수 있도록 은행 계좌번호를 제공해 은행..."
37,"하나은행, 율촌과 맞손..""패밀리오피스 자산관리 및 법률자문 협약""",하나은행이 10일 서울 강남 플레이스1(Place1)에서 법무법인 율촌 '패밀리오피스 자산관리 및 법률자문'을 위한 업무협약을 맺었다고 밝혔다. 이번 협약은 하나은행이 법적분쟁 및 세금관련 분야에 강점이 있는 법무법인 율촌과의 협력해 패밀리오피스 손님에게 보다 나은 서비스를 제공하기 위해 기획됐다. 이번...
38,"이승열 하나은행장, 아동학대 예방 캠페인 동참","하나은행이 아이를 있는 그대로 존중하는 긍정양육 문화 확산을 위한 '아동학대예방 릴레이 캠페인'에 이승열 은행장이 동참했다고 9일 밝혔다. 이번 캠페인은 보건복지부와 아동권리보장원 주관으로 아이를 독립적인 인격체로 존중하고, 부모와의 상호작용으로 신뢰를 쌓아가는 양육 방식인 긍정양육 인식..."
39,"쿠팡플레이, 임영웅과 함께하는 하나은행 자선축구대회 개최","'축구선수' 임영웅과 '아티스트' 임영웅의 매력을 한자리에서 만날 수 있는 '쿠팡플레이와 함께하는 하나은행 자선축구대회'가 12일 저녁 개최됐다. 쿠팡플레이는 대회의 모든 순간을 단독 생중계로 선보였다. '쿠팡플레이와 함께하는 자선축구대회'가 연일 뜨거운 화제를 몰고 있다. 특히, 임영웅이..."
40,하나은행·인천국제공항공사 '스마트패스 활성화' MOU,사진/하나은행 하나은행이 11일 인천국제공항공사와 안면인식 출국 서비스인 '스마트패스 서비스 활성화'를 위한 업무협약을 체결했다. 스마트패스는 안면과 여권 정보를 사전에 등록하면 인천국제공항 출국장과 탑승구에서 여권과 탑승권을 일일이 제출하지 않아도 안면인식만으로 신속하게 심사대를...
41,"하나은행, 패밀리오피스 자산관리 사업 강화",하나은행은 지난 10일 서울 삼성동 Place1에서 법무법인 율촌과 '패밀리오피스 자산관리 및 법률자문'을 위한 업무협약을 체결했다고 11일 밝혔다. 이번 업무협약은 자산관리 및 외국환 부문 선도은행인 하나은행이 법적분쟁 및 세금관련 분야에 강점이 있는 법무법인 율촌과의 협력을 통해 전문적이고 세심한...
42,"하나은행, 인천국제공항공사와 스마트패스 활성화 업무협약",하나은행은 인천국제공항공사와 안면인식 출국 서비스인 '스마트패스 서비스 활성화'를 위한 업무협약을 체결했다. [하나은행] 하나은행은 인천국제공항공사와 안면인식 출국 서비스인 '스마트패스 서비스 활성화'를 위한 업무협약을 체결했다고 11일 밝혔다. '스마트패스'는 안면과 여권 정보를 사전에...
43,"하나은행, 율촌과 '패밀리오피스 자산관리·법률자문' 제공",하나은행은 법무법인 율촌과 '패밀리오피스 자산관리 및 법률자문' 업무협약을 체결했다고 11일 밝혔다. 하나은행은 지난 8월 하나증권과 자산관리 서비스 강화를 위해 금융·세무·부동산·법률 등 전문가 60명으로 구성된 '하나 패밀리오피스 원 솔루션'을 선보인 바 있다. 이번 협약을 통해 은...
44,"하나은행, AI 기반 '기업 기술평가' 모델 도입",하나은행(행장 이승열)은 하나금융융합기술원과 함께 인공지능(AI) 기술을 활용한 '기술력 기반 머신러닝(ML) 모형'을 개발해 기업평가를 실시했다고 8일 밝혔다. 기술력 기반 ML 모형은 2014년부터 기술신용평가(TCB)에 축적된 정보를 활용해 기존 신용평가에서 적용되지 않았던 기술력에 대한 평가기준을...
45,"하나은행-법무법인 율촌, 패밀리오피스 자산관리 및 법률자문 MOU 체결 ...","하나은행-법무법인 율촌, 패밀리오피스 자산관리 및 법률자문 MOU 체결 하나은행(은행장 이승열)은 10일 서울 강남구 삼성동 Place1에서 법무법인 율촌(대표변호사 강석훈)과 패밀리오피스 자산관리 및 법률자문을 위한 업무협약을 체결했다. 이번 업무협약은 자산관리 및 외국환 부문 선도은행인 이..."
46,축구에 진심 하나은행…12일 임영웅과 함께 ‘자선축구대회’ 개최,축구에 진심인 하나은행은 하나금융그룹의 광고모델인 임영웅과 함께 사회취약계층 지원을 위한 ‘하나은행 자선축구대회’를 개최한다고 12일 밝혔다. ‘하나은행 자선축구대회’는 이날 저녁 7시 대전하나시티즌의 홈구장인 대전월드컵경기장에서 진행된다. 이날 경기에는 하나금융의 광고모델인 가수...
47,"하나은행, 은행권 최초 AI가 '기업 기술력'으로 신용평가",하나은행이 하나금융융합기술원과 함께 은행권 최초로 AI(인공지능) 기술을 활용한 '기술력 기반 ML(Machine Learning) 모형'을 개발해 기업평가를 실시했다고 8일 밝혔다. 기술력 기반 ML 모형은 2014년부터 기술신용평가(TCB)에 축적된 정보를 활용해 기존 신용평가에서 적용되지 않았던 기술력 평가기준을...
48,팀 기성용의 승리로 끝난 하나은행 자선축구대회,12일 오후 대전 유성구 노은동 대전월드컵경기장에서 열린 하나은행 자선축구대회 팀 히어로와 팀 기성용의 경기에서 팀 기성용이 4대3 승리를 거뒀다. 경기 후 양 팀 선수들이 인사를 나누고 있다. 2024.10.12/뉴스1
49,"하나은행, '2024 하나플레이리스트 콘서트' 성료",이투데이=손희정 기자 | 하나은행은 서울 연세대학교 노천극장에서 진행한 ‘2024 하나플레이리스트 콘서트’를 성공적으로 마쳤다고 7일 밝혔다. ‘하‧플‧콘’ 이라는 신조어가 생길 만큼 금융권 대표 브랜트 콘서트로 자리 잡은 하나플레이리스트 콘서트는 역대급 출연 라인업으로 약 65만 명의 고객이...
50,"""가을밤 물들인 초록 물결""…하나은행, '2024 하·플·콘' 성료",하나은행은 지난 5~6일 서울 연세대학교 노천극장에서 진행한 '2024 하나플레이리스트 콘서트'를 성공적으로 마쳤다고 7일 밝혔다. '하나플레이리스트 콘서트'는 '하‧플‧콘'이라는 신조어가 생기는 등 금융권 대표 브랜드 콘서트 중 하나로 꼽힌다. 올해 콘서트 또한 역대급 출연 라인업과 특별한 이벤트로 약...
51,"하나은행, 인천국제공항공사와 스마트패스 활성화 위한 업무협약 체결",하나은행은 11일 인천국제공항공사와 안면인식 출국 서비스인 '스마트패스 서비스 활성화'를 위한 업무협약을 체결했다. 사진=하나은행. 하나은행은 11일 인천국제공항공사와 안면인식 출국 서비스인 '스마트패스 서비스 활성화'를 위한 업무협약을 체결했다. '스마트패스'는 안면과 여권 정보를 사전에...
52,"하나은행, 은행권 최초 AI 활용 '기술력 기반 ML모형' 개발",사진=하나은행 하나은행은 하나금융융합기술원 '데이터 모델링 셀'(Data Modelling Cell)과 함께 은행권 최초로 인공지능(AI) 기술을 활용한 '기술력 기반 ML(Machine Learning) 모형'을 개발해 기업평가를 실시했다고 8일 밝혔다. 기술력 기반 ML 모형은 2014년부터 기술신용평가(TCB)에 축적된 정보를 활용해 기존...
53,"하나은행, 법무법인 율촌과 '고액 자산가 세무∙법률 지원' 업무협약",김영훈 하나은행 자산관리그룹장(왼쪽)과 김동수 법무법인 율촌 조세부문 대표변호사가 지난 10일 서울 강남구 삼성동 Place1에서 '패밀리오피스 자산관리 및 법률자문'을 위한 업무협약을 체결했다. [사진 하나은행] 하나은행은 지난 10일 법무법인 율촌과 서울 강남구 삼성동 Place1에서 '패밀리오피스...
54,"하나은행, 법무법인 율촌과 '패밀리오피스 자산관리∙법률자문' 업무협...",김영훈 하나은행 자산관리그룹장(왼쪽)과 김동수 법무법인 율촌 조세부문 대표변호사가 협약식에서 기념 촬영을 하고 있다. 하나은행(은행장 이승열)은 10일 법무법인 율촌(대표변호사 강석훈)과 '패밀리오피스 자산관리 및 법률자문'을 위한 업무협약을 체결했다고 11일 밝혔다. 이번 업무협약은 자산관리 및...
55,"하나은행, 율촌과 '패밀리오피스 자산관리 및 법률자문' 협약",하나은행은 10일 서울 강남구 삼성동 Place1에서 법무법인 율촌과 '패밀리오피스 자산관리 및 법률자문' 업무협약을 체결했다. 이날 협약식에 참석한 김영훈 하나은행 자산관리그룹장(사진 왼쪽)과 김동수 법무법인 율촌 조세부문 대표변호사가 기념 촬영을 하고 있다. (사진=) 은 지난 10일...
56,"하나은행, 인천국제공항공사와 스마트패스 활성화 위해 맞손",하나은행(은행장 이승열)은 인천국제공항공사(사장 이학재)와 안면인식 출국 서비스인 '스마트패스 서비스 활성화'를 위한 업무협약을 체결했다고 11일 밝혔습니다. '스마트패스'는 안면과 여권 정보를 사전에 등록하면 인천국제공항 출국장과 탑승구에서 여권과 탑승권을 일일이 제출하지 않아도...
57,"하나은행, 은행권 최초 AI 기업평가 머신러닝 모형 개발",하나은행은 하나금융융합기술원 '데이터 모델링 셀(Data Modelling Cell)'과 함께 은행권 최초로 인공지능(AI) 기술을 활용한 '기술력 기반 ML(Machine Learning) 모형'을 개발해 기업평가를 실시했다고 8일 밝혔다. 이 모형은 2014년부터 기술신용평가(TCB)에 축적된 정보를 활용해 기존 신용평가에서 적용되지...
58,"하나은행, 인천국제공항공사와 스마트패스 활성화 위해 손잡았다",▲이미지=하나은행 제공 하나은행이 11일 인천국제공항공사와 안면인식 출국 서비스인 '스마트패스 서비스 활성화'를 위한 업무협약을 체결했다고 밝혔다. 스마트패스는 안면과 여권 정보를 사전에 등록하면 인천국제공항 출국장과 탑승구에서 여권과 탑승권을 일일이 제출하지 않아도 안면인식만으로...
59,"하나은행, 법무법인 율촌과 자산관리·법률자문 맞손",하나은행과 율촌은 지난 10일 서울 강남구 삼성동 플레이스원에서 '패밀리오피스 자산관리 및 법률자문'을 위한 업무협약을 체결했다. 김영훈 하나은행 자산관리그룹장(사진 왼쪽)과 김동수 율촌 조세부문 대표변호사가 기념촬영을 하는 모습. 사진= 은 법무법인 율촌과 지난 10일 서울 강남구...
60,"하나은행, 법무법인 율촌과 '자산관리·법률자문' 맞손",하나은행이 10일 서울 강남구 삼성동 Place1에서 법무법인 율촌과 '패밀리오피스 자산관리 및 법률자문'을 위한 업무협약을 체결했다고 11일 밝혔다. /하나은행 제공 하나은행이 법무법인 율촌과 손잡고 패밀리오피스 자산관리 및 법률자문 서비스를 강화한다. 은 10일 서울 강남구 삼성동 Place1에서...
61,"하나은행, 율촌과 패밀리오피스 자산관리·법률자문 업무협약",하나은행이 법무법인 율촌과 손잡고 패밀리오피스 서비스를 강화한다. 전문적인 법률 지원과 차별화된 자산관리 컨설팅을 제공하여 종합자산관리 컨설팅 서비스 ‘하나 패밀리오피스 원 솔루션’에 이은 맞춤형 서비스를 확대한다. (은행장 이승열)은 지난 10일 서울 강남구 삼성동 Place1에서...
62,"이승열 하나은행장, '아동학대예방 릴레이 캠페인' 동참",하나은행은 긍정양육 문화 확산을 위한 '아동학대예방 릴레이 캠페인'에 이승열 은행장이 동참했다고 9일 밝혔다. 이 캠페인은 지난 5월부터 보건복지부와 아동권리보장원 주관으로 아이를 독립적인 인격체로 존중하고 부모와의 상호작용을 통해 신뢰를 쌓아가는 양육 방식인 '긍정양육' 인식을 확산하기...
63,"하나은행 ""하나원큐로 인천공항 출국 서비스 스마트패스 이용 가능""",인천국제공항공사와 스마트패스 활성화.(제공=하나은행) 하나은행은 인천국제공항에서 하나원큐로 안면인식 출국 서비스 '스마트패스' 이용이 가능하다고 밝혔다. 하나은행(은행장 이승열)은 11일 인천국제공항공사(사장 이학재)와 안면인식 출국 서비스인 '스마트패스 서비스 활성화'를 위한 업무협약을...
64,"하나은행- 인천국제공항공사, 스마트패스 활성화를 위한 MOU 체결",▲(사진=하나은행) 하나은행이 인천국제공항공사와 스마트패스 활성화를 위해 손을 맞잡았다. 하나은행이 11일 인천국제공항공사와 안면인식 출국 서비스인 ‘스마트패스 서비스 활성화’를 위한 MOU를 체결했다. ‘스마트패스’는 안면과 여권 정보를 사전에 등록하면 인천국제공항 출국장과 탑승구에서...
65,2024-2025시즌 여자프로농구 타이틀 스폰서에 하나은행,"하나은행이 2024-2025시즌 여자프로농구 타이틀 스폰서를 맡는다. 한국여자농구연맹(WKBL)은 8일 2024-2025시즌 대회 공식 명칭을 '하나은행 2024-2025 여자프로농구'로 확정했다고 밝히고, 공식 엠블럼도 발표했다. 은 2024-2025시즌 리그 공식 명칭과 로고 사용 등 다양한 스폰서십 권리를 갖게..."
66,"하나은행, 인천국제공항공사와 스마트패스 활성화를 위한 업무협약 체결",하나은행(은행장 이승열)은 11일 인천국제공항공사(사장 이학재)와 안면인식 출국 서비스인 ‘스마트패스 서비스 활성화’를 위한 업무협약을 체결했다고 밝혔다. ‘스마트패스’는 안면과 여권 정보를 사전에 등록하면 인천국제공항 출국장과 탑승구에서 여권과 탑승권을 일일이 제출하지 않아도...
67,"하나은행, 인천국제공항공사와 스마트패스 활성화 ‘맞손’",하나은행은 인천국제공항공사와 안면인식 출국 서비스인 ‘스마트패스 서비스 활성화’를 위한 업무협약을 체결했다고 11일 밝혔다. 스마트패스는 안면과 여권 정보를 사전에 등록하면 인천국제공항 출국장과 탑승구에서 여권과 탑승권을 일일이 제출하지 않아도 안면인식만으로 신속하게 심사대를 통과할 수...
68,"하나은행, 2024~2025시즌 여자프로농구 타이틀 스폰서 확정","2024-2025시즌 여자프로농구 타이틀스폰서가 하나은행으로 확정됐다. 한국여자농구연맹(WKBL)은 2024-2025시즌 대회 공식 명칭을 '하나은행 2024~2025 여자프로농구'로 확정하고, 공식 엠블럼을 8일 발표했다. 하나은행은 2024-2025시즌 리그 공식 명칭 및 로고 사용 등 다양한 스폰서십 권리를 갖게되며..."
69,"하나은행, 인천국제공항공사와 스마트패스 업무협약 체결",하나은행은 11일 인천국제공항공사와 안면인식 출국 서비스인 '스마트패스 서비스 활성화'를 위한 업무협약을 체결했다고 밝혔다. '스마트패스'는 안면과 여권 정보를 사전에 등록하면 인천국제공항 출국장과 탑승구에서 여권과 탑승권을 일일이 제출하지 않아도 안면인식만으로 신속하게 심사대를 통과할 수...
70,"하나은행, 은행권 최초 AI기술 통한 ‘기술력 기반 ML모형’ 개발",하나은행은 하나금융융합기술원 'Data Modelling Cell'과 함께 은행권 최초로 인공지능(AI) 기술을 활용한 '기술력 기반 ML(Machine Learning) 모형'을 개발해 기업평가를 실시했다고 밝혔다. 기술력 기반 ML 모형은 2014년부터 기술신용평가(TCB)에 축적된 정보를 활용해 기존 신용평가에서 적용되지 않았던 기술력에...
71,[포토]하나은행 자선축구대회 출전하는 기성용,기성용이 12일 대전월드컵경기장에서 열린 하나은행 자선축구대회에서 그라운드에 입장하고 있다. 2024. 10. 12. 박진업 기자
72,"하나은행, '2024 하나플레이리스트 콘서트'성료",하나은행은 지난 5일과 6일 양일간 서울 연세대학교 노천극장에서 진행한 '2024 하나플레이리스트 콘서트'를 성공적으로 마쳤다고 7일 밝혔다. 사진은 2024 하나플레이리스트 콘서트 모습. 2024.10.7 [하나은행 제공. 재판매 및 DB 금지]
73,"이승열 하나은행장, ‘아동학대예방 릴레이 캠페인’ 동참",하나은행은 아이를 있는 그대로 존중하는 긍정양육 문화 확산을 위한 ‘아동학대예방 릴레이 캠페인’에 이승열 하나은행장이 동참했다고 9일 밝혔다. 아동학대예방 릴레이 캠페인은 지난 5월부터 보건복지부와 아동권리보장원 주관으로 진행중인 캠페인이다. 아이를 독립적인 인격체로 존중하고 부모와의...
74,"하나은행, 하나원큐서 인천공항 스마트패스 서비스...""생활금융 연계범...",하나은행이 공항 스마트패스 서비스를 통해 공항 이용객 편의성을 증대를 모색한다. 하나은행은 인천국제공항공사와 안면인식 출국 서비스인 '스마트패스 서비스 활성화'를 위한 업무협약(MOU)을 체결했다고 11일 밝혔다. 스마트패스는 안면과 여권 정보를 사전에 등록하면 인천국제공항 출국장과 탑승구에서...
75,"하나은행, AI 활용 '기술력 기반 머신러닝 모형' 개발",하나은행은 하나금융융합기술원 'Data Modelling Cell'과 은행권 최초로 인공지능(AI) 기술을 활용한 '기술력 기반 ML(머신러닝) 모형'을 개발해 기업평가를 실시했다고 8일 밝혔다. 기술력 기반 ML 모형은 2014년부터 기술신용평가(TCB)에 축적된 정보를 활용해 기존 신용평가에서 적용되지 않았던 기술력에 대한 평가...
76,"하나은행-법무법인 율촌, '패밀리오피스 자산관리 및 법률자문' 업무협...",하나은행은 10일 서울 강남구 삼성동 Place1에서 법무법인 율촌과 '패밀리오피스 자산관리 및 법률자문' 업무협약을 체결했다. 이날 협약식에 참석한 김영훈 하나은행 자산관리그룹장(사진 왼쪽)과 김동수 법무법인 율촌 조세부문 대표변호사가 기념 촬영을 하고 있다. 제공 (은행장 이승열)은...
77,"하나은행, 율촌과 '패밀리오피스 자산관리 및 법률자문' 업무협약",빅터뉴스 이재영 기자 하나은행은 지난 10일 서울 강남구 삼성동 Place1에서 법무법인 율촌(대표변호사 강석훈)과 '패밀리오피스 자산관리 및 법률자문'을 위한 업무협약을 체결했다고 밝혔다. 이번 업무협약은 자산관리 및 외국환 부문 선도은행인 이 법적분쟁 및 세금관련 분야에 강점이 있는 법무법인...
78,"하나은행, AI기술을 통한 '기술력 기반 ML모형' 개발",이미지/ 하나은행 제공 하나은행은 하나금융융합기술원 'Data Modelling Cell'과 함께 은행권 최초로 인공지능(AI) 기술을 활용한 '기술력 기반 ML(Machine Learning) 모형'을 개발하여 기업평가를 실시했다고 8일 밝혔다. 기술력 기반 ML 모형은 2014년부터 기술신용평가(TCB)에 축적된 정보를 활용하여 기존 신용평가에서...
79,"하나은행, 법무법인 율촌 손잡고 '자산관리 서비스' 차별화 추진","하나은행, 법무법인 율촌 손잡고 '자산관리 서비스' 차별화 추진 하나은행은 법무법인 율촌과 ‘패밀리오피스 자산관리 및 법률자문’을 위한 업무협약을 체결했다고 11일 밝혔다. 이번 업무협약은 하나은행이 법적분쟁 및 세금 관련 분야에 강점이 있는 법무법인 율촌과의 협력을 통해 전문적이고 세심한..."
80,"하나은행, 은행권 최초 '기술력 기반 머신러닝 모형' 개발","하나은행, 은행권 최초 '기술력 기반 머신러닝 모형' 개발 하나은행이 하나금융융합기술원 ‘데이터 모델링 셀(Data Modelling Cell)’과 함께 은행권 최초로 인공지능(AI) 기술을 활용한 ‘기술력 기반 머신러닝(Machine Learning) 모형’을 개발해 기업평가를 실시했다고 8일 밝혔다.이번 모형은 2014년부터..."
81,"[전훈 리포트] 유리나 이탈한 하나은행, ‘볼 핸들러’ 맡게 된 ‘박소...","한편, 하나은행은 2023~2024시즌 종료 후 전력을 개편했다. 우선 핵심 내부 FA(자유계약)였던 양인영(184cm, F)과 김시온(175cm, G)을 모두 잡았다. 그리고 외부 FA 중 최대어였던 진안(181cm, C)을 영입했다. 그래서 하나은행은 ‘김정은-진안-양인영’이라는 확고한 프론트 코트 라인을 구축했다. 다만, 의..."
82,"하나은행, '2024 하나플레이리스트 콘서트' 성료",▲ 지난 5일과 6일 서울 연세대학교 노천극장에서 진행된 ‘2024 하나플레이리스트 콘서트’에서 아티스트들의 공연에 관객들이 환호하고 있다.(사진=하나은행 제공) 하나은행은 지난 5~6일 양일간 서울 연세대학교 노천극장에서 진행한 ‘2024 하나플레이리스트 콘서트’를 성공적으로 마쳤다고 밝혔다....
83,"이승열 하나은행장, 아동학대예방 릴레이 캠페인 동참",이승열 하나은행장이 아이를 있는 그대로 존중하는 긍정양육 문화 확산을 위한 '아동학대예방 릴레이 캠페인'에 9일 동참했다. 아동학대예방 릴레이 캠페인은 지난 5월부터 보건복지부와 아동권리보장원 주관으로 진행 중이다. 지난달 이석용 NH농협은행장의 지명을 받아 이 행장이 적극 동참하게 됐다....
84,2024~2025시즌 여자프로농구 타이틀스폰서에 하나은행,"사진=WKBL 제공 2024~2025시즌 여자프로농구 타이틀스폰서로 하나은행이 확정됐다. 한국여자농구연맹(WKBL)은 다가오는 시즌 공식 명칭을 ‘하나은행 2024~2025 여자프로농구’로 확정하고, 공식 엠블럼을 발표했다. 은 2024~2025시즌 리그 공식 명칭 및 로고 사용 등 다양한 스폰서십 권리를..."
85,"쿠팡플레이와 함께하는 하나은행 자선축구대회, 임영웅 그라운드에 오른...",'축구선수' 임영웅과 '아티스트' 임영웅의 매력을 한자리에서 만날 수 있는 '쿠팡플레이와 함께하는 하나은행 자선축구대회'가 드디어 오늘(12일) 저녁 열린다. 쿠팡플레이는 킥오프 1시간 30분 전인 오후 5시 30분부터 대회의 모든 순간을 단독 생중계로 선보인다. '쿠팡플레이와 함께하는 자선축구대회...
86,"임영웅, 12일 '하나은행 자선축구대회'서 팬들 만난다",하나은행 자선축구대회. 쿠팡플레이 제공 가수 임영웅이 자선축구대회에서 팬들과 만난다. 쿠팡플레이와 함께하는 하나은행 자선축구대회가 12일 저녁 열린다. 쿠팡플레이는 킥오프 1시간 30분 전인 오후 5시 30분부터 대회의 모든 순간을 단독 생중계한다. 특히 자선축구대회에 임영웅이 하프타임 쇼 무대에...
87,"하나은행, 은행권 최초 '기술력 기반 ML모형' 개발",하나은행 본점 하나은행이 하나금융융합기술원과 함께 은행권 최초 인공지능(AI) 기술을 활용한 '기술력 기반 머신러닝(ML) 모형'을 개발하고 기업평가를 실시했다고 8일 밝혔다. 기술력 기반 ML모형은 2014년부터 기술신용평가(TCB)에 축적된 정보를 활용해 기존 신용평가에서 적용되지 않았던 기술력에 대한...
88,"하나은행·율촌, '패밀리오피스 자산관리·법률자문' 협력","하나은행은 법무법인 율촌과 '패밀리오피스 자산관리 및 법률자문'을 위한 업무 협약을 했다고 11일 밝혔다. 이번 협약은 전문적이고 세심한 분석이 필요한 패밀리오피스 고객들에게 최상의 서비스를 제공하기 위해 마련됐다. 은 패밀리오피스 고객에게 세무와 법률 지원, 실제 판례..."
89,"하나은행-인천공항공사, 스마트패스 활성화 협력","하나은행(은행장 이승열)은 11일 인천국제공항공사(사장 이학재)와 안면과 여권 정보를 사전에 등록하면 인천국제공항 출국장과 탑승구에서 여권과 탑승권을 일일이 제출하지 않아도 안면인식만으로 신속하게 심사대를 통과할 수 있어, 번거로운 출국 절차를 혁신적으로 간소화한 서비스인 '스마트패스..."
90,"하나은행, AI 기술 통한 '기술력 기반 ML모형' 개발",하나은행이 하나금융융합기술원 '데이터 모델링 셀(Data Modelling Cell)'과 함께 은행권 최초로 인공지능(AI) 기술을 활용한 '기술력 기반 ML(Machine Learning) 모형'을 개발해 기업평가를 실시했다고 밝혔다. 기술력 기반 ML 모형은 2014년부터 기술신용평가(TCB)에 축적된 정보를 활용해 기존 신용평가에서 적용되지...
91,"하나은행, 율촌과 패밀리오피스 자산관리·법률자문 업무협약",하나은행은 서울 강남구 삼성동 Place1에서 법무법인 율촌과 패밀리오피스 자산관리 및 법률자문을 위한 업무협약을 체결했다고 11일 밝혔다. 이번 업무협약은 자산관리 및 외국환 부문 선도은행인 하나은행이 법적분쟁 및 세금관련 분야에 강점이 있는 법무법인 율촌과의 협력을 통해 전문적이고 세심한 분석이...
92,"하나은행, 은행권 최초 인공지능 기술을 통한 '기술력 기반 ML모형' 개발",▲ 사진=하나은행 제공 하나은행은 하나금융융합기술원 ‘Data Modelling Cell’과 함께 은행권 최초로 인공지능(AI) 기술을 활용한 ‘기술력 기반 ML(Machine Learning) 모형’을 개발하여 기업평가를 실시했다고 8일 밝혔다. 기술력 기반 ML 모형은 2014년부터 기술신용평가(TCB)에 축적된 정보를 활용하여 기존...
93,"하나은행, AI 활용 '기술력 기반 ML모형' 개발",빅터뉴스 이재영 기자 하나은행은 하나금융융합기술원 ‘Data Modelling Cell’과 함께 은행권 최초로 인공지능(AI) 기술을 활용한 ‘기술력 기반 ML(Machine Learning) 모형’을 개발하여 기업평가를 실시했다고 밝혔다. 기술력 기반 ML 모형은 2014년부터 기술신용평가(TCB)에 축적된 정보를 활용하여 기존...
94,"하나은행, 법무법인 율촌과 '패밀리오피스 자산관리 및 법률자문' 업무...",하나은행(은행장 이승열)은 지난 10일 서울 강남구 삼성동 Place1에서 법무법인 율촌(대표변호사 강석훈)과 '패밀리오피스 자산관리 및 법률자문'을 위한 업무협약을 체결했다고 11일 밝혔다. 이번 업무협약은 자산관리 및 외국환 부문 선도은행인 이 법적분쟁 및 세금관련 분야에 강점이 있는 법무법인...
95,"하나은행-법무법인 율촌, '패밀리오피스 자산관리 및 법률자문' 업무협...",하나은행(은행장 이승열)은 지난 10일 서울 강남구 삼성동 Place1에서 법무법인 율촌(대표변호사 강석훈)과 '패밀리오피스 자산관리 및 법률자문'을 위한 업무협약을 체결했다고 11일 밝혔다. 이번 업무협약은 자산관리 및 외국환 부문 선도은행인 이 법적분쟁 및 세금관련 분야에 강점이 있는 법무법인...
96,"하나은행, 인공지능 기술 통한 '기술력 기반 ML모형' 개발","하나은행(은행장 이승열)은 하나금융융합기술원 'Data Modelling Cell'과 함께 은행권 최초로 인공지능(AI) 기술을 활용한 '기술력 기반 ML(Machine Learning) 모형'을 개발해 기업평가를 실시했다고 8일 밝혔다. 기술력 기반 ML 모형은 2014년부터 기술신용평가(TCB)에 축적된 정보를 활용, 기존 신용평가에서 적용되지..."
97,"하나은행, 자연사랑 어린이 미술대회 시상식",= 지난 12일 인천 청라에 위치한 하나글로벌캠퍼스에서 열린 '제32회 자연사랑 어린이 미술대회' 본선 및 시상식에서 김한욱 하나은행 HR지원그룹 부행장과 본선 참가 어린이 등이 기념촬영을 하고 있다. (하나은행 제공) 2024.10.14/뉴스1
98,"하나은행, 제 32회 자연사랑 어린이 미술대회 본선·시상식 개최","뉴스저널리즘 김혜민 기자 = 하나은행은 지난 12일 인천 청라에 위치한 '하나글로벌캠퍼스'에서 '제 32회 자연사랑 어린이 미술대회' 본선 및 시상식을 개최했다고 14일 밝혔다. 하나은행이 1993년부터 매년 개최해 올해 32주년을 맞이한 '자연사랑 어린이 미술대회'는 환경부, 문화체육관광부, 산림청..."
99,"하나은행, 임영웅과 함께한 자선축구대회...3.5만여명 관람",하나은행은 하나금융그룹의 광고모델인 임영웅과 함께 사회취약계층 지원을 위해 개최한 ‘하나은행 자선축구대회’가 3만5000여명의 구름관중을 동원하며 성공적으로 마쳤다고 14일 밝혔다. 하나은행 자선축구대회는 하나금융그룹의 광고모델이자 대한민국 대중음악을 선도하는 가수 임영웅이 직접 선수로...
