,title,content
0,"대구근대역사관, 조선은행 대구지점 폭파 시도 장진홍 의사 발자취 답사","이종암은 대구은행에 재직하다가 만주로 망명해 1919년 김원봉과 의열단을 조직한 인물로, 1925년 군자금 모집을 위해 대구로 돌아왔다가 경찰에 붙잡혀 징역 13년을 선고받고 옥고를 치르다가 순국했다. 이번 답사는 2023년 남산동에 개관한 이육사기념관에서 시작한다. 남산동에 살았던 이육사·이종암의..."
1,'달빛동맹' 광주-대구 금융분야로 확대…초광역경제 힘 보태는 광주,"협약식은 고병일 광주은행장, 황병우 iM뱅크(옛 DGB대구은행) 은행장, 김귀남 광주신용보증재단 이사장, 박진우 대구신용보증재단 이사장, 관계자가 참석한 가운데 진행됐다. 광주은행은 광주신용보증재단에 10억 원을 특별출연하며, 이 자금을 기반으로 광주신용보증재단은 총 150억 원의 특별보증을 지원해..."
2,"iM뱅크, 창립57주년 기념 5000만원 상당 경품증정 이벤트",DGB대구은행에서 시중은행 올해 전환 최초자산연결후 다양한 금융서비스 진행시 인더뉴스 문승현 기자ㅣiM뱅크(은행장 황병우)는 옛 DGB대구은행에서 시중은행 전환 후 처음 맞는 창립기념일을 기념해 오는 11월30일까지 마이데이터 서비스 최초 자산연결 고객을 대상으로 다양한 경품을 추첨 증정하는...
3,"iM뱅크 창립 57주년···황병우 ""차별화 지속하겠다""","아주경제=박성준 기자 psj@ajunews.com 황병우 iM뱅크(옛 대구은행) 은행장이 ""과감한 변화와 창의적이고 유연한 사고로 차별화를 진행하겠다""는 포부를 전했다. iM뱅크는 지난 7일 대구 본점에서 창립기념일을 맞아 창립기념식을 진행하고, 대구 본사와 서울 일대에서 대고객 감사행사를 실시했다고 8일..."
4,"대구시, ‘악취 민원’ 은행 열매 채취","대구시가 악취 민원이 잦은 은행 열매 채취에 나섭니다. 7개 구·군에서 진동수확장치를 활용해 열매가 떨어져 악취가 나기 전에 처리할 계획입니다. 대구지역 은행 나무는 전체 가로수의 21%인 5만 천 그루로, 이 가운데 만3천여 그루가 악취 원인이 되는 암 나무입니다."
5,대구지역 은행점포 5년간 55곳 줄어…비수도권 최다,"비수도권에서 대구지역 은행점포가 가장 많이 줄어든 것으로 나타났다. 25일 이헌승 국민의힘 의원(부산진을)이 금융감독원에서 제출받은 자료에 따르면 올해 8월 기준 4대 시중은행과 지방은행, 저축은행 점포가 3837개로 2020년(4488개)에 비해 14.5%(651개) 줄었다. 이 기간 에서는 55개가..."
6,"""악취 민원 차단"" 대구시, 은행나무 가로수 열매 조기 채취",대구시는 도심 가로수 가운데 가장 많은 수종을 차지하는 은행나무의 열매가 떨어지며 발생하는 시민들의 악취 민원을 차단하기 위해 열매를 조기 채취한다고 19일 밝혔다. 시에 따르면 도심 전체 가로수 23만여 그루 중 나무는 21%에 해당하는 5만1천여 그루로 집계됐다. 시는 이 가운데 악취의 주 원인이...
7,대구지역 은행 점포 55곳 사라져… 비수도권 '최다',"24일 국회 정무위원회 소속 이헌승 의원(국민의힘, 부산진을)에 따르면 대구가 최근 5년간 은행 점포가 가장 많이 줄어든 비수도권 지역이었다. 부산과 경남이 뒤를 이었다. 4대 시중은행과 지방은행, 저축은행 점포 수는 2020년 4488곳에서 올해 8월 기준 3837곳으로 651곳 줄었다. 서울(255곳)과 경기(117곳)..."
8,"대구 동구청-대구신용보증재단-대구은행 동구청지점, 소상공인 경영안...","대구=에너지경제신문 손중모기자 대구 동구청은 지난 13일, 대구신용보증재단, 대구은행 동구청지점과 소상공인 경영안정자금 지원 업무협약을 체결했다. 이번 업무협약은 경기침체와 고금리로 경영에 어려움을 겪고 있는 소상공인의 경영안정 도모 및 지역경제 활성화를 위해 마련됐다. 협약에 따라..."
9,"대구시, 은행나무 가로수 열매 조기 채취",이에 따라 대구시는 지역 기초자치단체와 협력해 진동 수확 장치를 활용해 도심 은행나무 열매를 조기에 채취하기로 했습니다. 대구시는 은행나무가 이산화탄소 흡수력과 대기 정화 능력이 뛰어나고 가로수로서 여러 가지 장점이 많다며 나무를 보존하면서 열매 악취를 제거하는 방식을 쓰고 있다고 밝혔습니다.
10,"iM뱅크, 대구대와 스마트캠퍼스 플랫폼 구축","iM뱅크(옛 대구은행·부행장 김기만·사진 오른쪽)는 지난 11일 대구대학교(총장 박순진·사진 왼쪽)와 스마트캠퍼스 플랫폼 ‘아이엠 유니즈(iM uniz)’ 구축을 위한 전략적 업무협약을 체결했다. 아이엠 유니즈는 iM뱅크가 제공하는 대학생 전용 모바일 플랫폼으로, 학교와 학생의 플랫폼 인프라를 위해..."
11,"윤석준 동구청장, 대구신용보증재단·대구은행 동구청지점과 맞손...""소...","사진제공=동구청 윤석준 동구청장은 ""소상공인 경영안정자금 지원 사업이 우리 지역 경제의 중추인 소상공인들에게 단비가 되고 앞으로도 지역경제를 활성화 하는데 도움이 되도록 13일, 대구신용보증재단, 대구은행 동구청지점과 소상공인 경영안정자금 지원 업무협약을 체결했다.""고 말했다. 동구청에..."
12,"[2024국감-정무위] 은행권, 금융사고액 대비 회수율 고작 9%대...""당국, ...","지방은행에서는 경남은행 601억5830만원으로 가장 많았고, 올 5월 시중은행 전환한 아이앰뱅크(전 대구은행)이 136억9880만원을 기록했다. 이처럼 수십억에서 수백억원대의 규모의 대형 금융 사고에도 불구하고 회수된 금액은 전체 사고금액의 9.1%인 251억8470만원에 그친 것으로 집계됐다. 회수율이..."
13,"지방 부동산 불황 직격탄…중기·자영업, 대출 연체 심각",지난 6월말 기준 전북은행은 전체 원화대출의 26.7%를 부동산·임대업종에 내줬고 광주은행(26.1%) 부산은행(21.8%) 경남은행(13.54%) 대구은행(14.3%)도 부동산·임대업종 대출비중이 높다. 통계청에 따르면 전년 동기 대비 지난 2분기 건설수주 규모는 수도권 중심의 증가세에 따라 전국 기준 15.5% 늘었으나...
14,[오늘의 주요 일정] 이재용 등 삼성 합병·승계 의혹 공판,대구지역회의(대구은행 제2 본점) 15:30 주한체코공화국대사 면담(산격청사 접견실) ▲ 유정복 인천시장 15:30 인천광역시교육청 평생학습관(미추홀관) ▲ 강기정 광주시장 10:00 쿠팡(주) 광주 첨단 물류센터 준공식(광산구 연산동) 11:30 지역 대학생과의 만남(송원대) 16:30 공공기관 현장 방문...
15,"대구은행, 시중은행 전환에도 아이엠뱅크 성적 '침울'…밸류업 수혜에도...","| 내외경제TV=김민호 기자 | 아이엠뱅크(iM뱅크, 前 대구은행)가 시중은행 전환을 선언한 후 침울한 성적에 고전을 면치 못하고 있다. 19일 금융권에 따르면 황병우 DGB금융그룹 회장의 지휘하에 지난 5월 '전국구 단위 은행'으로 전환을 선언한 아이엠뱅크가 침울한 성적표와 인지도 확산 고전에 이어 2분기..."
16,전국 광역단체장 10월14일 일정,▲김진태 강원도지사 - 도정질문(10:00 의회 본회의장) 김진태 강원지사 [사진=강원특별자치도청] ▲이철우 경북 도지사 - 저출생극복 성금 전달식;(사)우림일만(11:30 접견실) ▲홍준표 대구시장 - 제21기 민주평통자문회의 대구지역회의(14:00 제2본점) - 주한체코공화국대사 면담(15:30...
17,"[인터뷰] 김영철 계명대 경제금융학과 명예교수 ""대구은행 시중은행 전...",지방은행 설립목적 지역경제 돕는 것 지역기업 대출 어려워져 지역경제 부정적 예상 50년간 독점한 시금고도 시중은행 참여전망 대구·경북권 중심의 지방은행인 대구은행이 ‘전국구’를 영업 대상으로 하는 시중은행으로 전환됐다. 지난 5월 16일 금융위원회는 제9차 정례회의에서 의 시중은행...
18,국내은행 5년간 ‘희망퇴직금’ 6.5조…“이자수익으로 돈잔치”,"iM뱅크(옛 DGB대구은행)는 2019년부터 지난해까지 326명에게 1512억원을 지급, 1인당 평균 4억6391억원에 달했다. 부산은행은 381명에게 1573억원(1인당 4억1296만원), 전북은행은 88명에게 355억원(1인당 4억385만원)을 각각 지급했다. 천 의원은 “은행권이 코로나 팬데믹 이후 고금리 장기화 덕분에 사상..."
19,"[기자수첩] 시중은행 전환한 대구은행, 남은 과제에도 '순항'할까",최재원 금융증권부 기자 매일일보 = 최재원 기자 | DGB대구은행이 지방은행에서 시중은행으로 전환했다. 금융당국이 시중은행 인가 문턱을 낮추는 방안을 발표한지 약 1년 만이다. 이에 따라 새로운 사명인 'iM뱅크'를 공식적으로 공표했다. 지난 1992년 평화은행 인가 이후 32년 만에 새로운 시중은행의...
20,"대구은행, iM뱅크로 시중은행 새 출발…지방은행 중 최초",우리나라 최초의 지방은행으로 시작한 대구은행이 57년 만에 시중은행으로 전환했습니다. 새 이름은 'iM뱅크'로 지방은행에서 시중으로 전환된 첫 사례가 됐습니다. 시중은행이 되면 이제 전국 어디서나 만날 수 있다고 합니다. 심우영 기자입니다. 【 기자 】 지난 1967년 우리나라 최초의 지방은행으로 문을...
21,"새로 태어난 대구은행, ""이젠 IM 뱅크라 불러주세요""",내빈으로 참석한 홍준표 대구광역시장은 “지역과 함께 성장해온 대구은행의 지역은행 최초 시중은행 전환을 축하한다”는 인사말을 하면서 “전국 은행으로서 역할과 동시에 TK신공항과 달빛철도 건설 등 지역의 대형 프로젝트가 차질 없이 추진되도록 변함없는 지원을 당부드린다”라고 뜻을 전했다....
22,"대구은행, 전국구 'iM뱅크'로 첫 발 내딛어","내빈으로 참석한 홍준표 시장은 ""지역과 함께 성장해온 대구은행의 지역은행 최초 시중은행 전환을 축하한다""면서 ""전국 은행으로서 역할을 수행함과 동시에 TK신공항과 달빛철도 건설 등 지역의 대형 프로젝트가 차질 없이 추진되도록 변함없는 지원을 당부드린다""고 말했다. 이날 처음 대외적으로 공개된..."
23,“오픈런 해도 대기 1000명”…대구은행 20% 적금 덕에 신규 고객 7배↑,"DGB대구은행이 최고 연 20% 금리를 지급하는 단기 적금상품을 출시하자, 스마트뱅킹 어플리케이션(앱) 이용자가 폭증했다. 시중은행 전환에 나선 대구은행은 이번 고금리 상품 출시로, 고객 수 증대 효과를 톡톡히 봤다. ‘미끼상품’이더라도…연 20% 적금 인기 5일 은 오전 10시부터 ‘고객에게..."
24,"""이제 iM뱅크로 불러주세요""…시중은행된 대구은행, 마케팅 총력전",/ 사진제공=DGB금융그룹i 지방은행 최초로 시중은행 전환에 성공한 DGB대구은행이 'iM뱅크'로 간판을 바꿔 달고 본격적인 전국구 영업에 나섰다. 특히 iM뱅크로의 새 출발을 널리 알리는 한편 신규 고객을 빠르게 유입시키기 위해 '킬러 상품'을 출시하고 다양한 이벤트를 진행하는 등 마케팅 활동에 총력을...
25,소문난 잔치 먹을 것 없는 대구은행 이벤트,"뉴스토마토 = 민경연 기자 | 대구은행이 시중은행 전환 인가를 기념해 대출금리 감면, 고금리 예적금 특판 등 대고객 이벤트를 내놓았지만 소비자 입장에서 실질적인 혜택을 받기는 힘들어 '낚시성'이라는 지적을 받고 있습니다. 5일 금융권에 따르면 은 시중은행 전환과 사명 변경을 기념해 연 20%에..."
26,"대구은행, 시중은행 iM뱅크로 새출발…새 CI 선포식","대구은행, 시중은행 iM뱅크로 새출발…새 CI 선포식 DGB금융그룹은 5일 대구 수성동 본점에서 시중금융그룹으로의 새 출발에 발맞춰 그룹의 새로운 기업이미지(CI) 선포식을 하고 주력 계열사인 iM뱅크의 시중은행 전환 및 사명 변경에 따른 본점 간판 제막식을 개최했다.이날 행사는 iM뱅크의 시중은행 전환과..."
27,대구은행 아듀…“‘아이엠뱅크’라 불러달라” [CEO LOUNGE],시중은행 전환 황병우 DGB금융지주 회장 겸 iM뱅크 행장 국내 1호 지방은행인 DGB대구은행이 또 한 번 1호 기록을 세웠다. 지방은행의 시중은행 전환 1호 타이틀을 최근 거머쥔 것. 1992년 평화은행 이후 32년 만에 나온 시중은행이다. 은 설립 57년 만에 신한·우리·하나·한국씨티·KB국민·SC제일은행에...
28,"'iM뱅크'로 재출범한 대구은행…가계는 '비대면', 기업은 '관계강화'",대구은행이 시중은행으로 전환하며 'iM뱅크'로 재출범한다. iM뱅크는 대출 부문에서는 모바일 기반으로 주택담보대출을 늘리고 '관계형 금융'을 통해 기업대출을 확대한다는 계획이다. 5일 금융권에 따르면 이날 DGB대구은행은 'iM뱅크'로 공식적으로 사명을 바꾸고 전국구 영업에 돌입한다. 아울러 모기업인...
29,[더벨][대구은행 'iM뱅크' 리브랜딩]모바일뱅킹 중심으로 '채널 전략' 새...,대구은행이 다음달 사명을 iM뱅크로 바꾸면 채널 전략 변화가 본격화된다. 대구은행은 영업 권역이 대구·경북 지역에 집중돼 있을 뿐 오프라인 중심의 채널 전략은 기존 시중은행과 크게 다르지 않았다. 앞으로는 모바일뱅크를 중심으로 한 비대면 영업을 주채널로 삼는다는 방침이다. 오프라인 점포 수를...
30,대구은행 시중銀 전환 후 ‘밸류업’ 박차 가하는 DGB금융,DGB대구은행 등 계열사 사명변경을 앞두고 DGB금융지주가 기업가치 제고에 나섰다. 황병우 회장이 미국 주요 도시 기업설명회(IR)에 직접 나섰고 계열사 임원진과 함께 자사주를 매입했다. 대표적인 저평가 주식인 금융주 중에서도 가장 낮은 평가를 받는 DGB금융의 주가를 부양하기 위해 노력하고 있다....
31,"대구은행, 전국구 ‘아이엠뱅크’로 새 출발","대구은행이 5일 ‘아이엠(iM)뱅크’ 간판을 달고 전국 단위의 시중은행으로 재출범했다. 아이엠뱅크는 이날 대구 수성구 제1본점에서 선포식을 한 뒤 전국구 영업에 돌입했다. 모기업인 DGB금융지주의 계열사들도 전부 사명에 iM을 붙여 통일하기로 했다. 하이투자증권은 iM증권, DGB생명은 iM라이프생명..."
32,대구은행 'iM뱅크'로…전국구 영업 나선다,"DGB대구은행 본관 별관 전경. 사진/연합뉴스 시중은행으로 전환하는 DGB대구은행이 오는 5일부터 'iM뱅크'로 사명을 바꾸고 '전국구' 영업에 나선다. 1992년 평화은행 인가 이후 32년 만에 새로운 시중은행의 출범이자, 신한·우리·하나·한국씨티·KB국민·SC제일은행에 이은 7번째 시중은행이다. 3일..."
33,[더벨][대구은행 'iM뱅크' 리브랜딩]시중은행과 인뱅 사이 '니치 마켓' ...,"""생존을 위한 불가피한 선택이다."" 대구은행의 시중은행 전환을 두고 한 DGB금융 고위 임원이 한 말이다. 지방은행은 대형 시중은행과 인터넷은행 사이에서 설 자리를 잃어가고 있다. 대형 은행이 공세적으로 지방 기업 고객 유치에 나서고 인터넷은행을 이용하는 리테일 고객이 늘어나면서 신규 영업이..."
34,"DGB대구은행, 시중은행 전환기념 1조원 규모 고금리 예금 조기 판매에 임...","DGB대구은행은 시중은행 전환 인가를 기념해 새로운 출발을 알리고 성원에 감사하는 의미로 실시한 대고객 감사제 'iM뱅크 Re-Born Festival'이 순항 중인 가운데, 감사의 의미로 진행한 1조원 규모의 고금리 예금이 조기 판매에 임박했다고 밝혔다. 'iM뱅크 Re-Born Festival'은 예금, 외환, 대출, 펀드, 카드..."
35,[오늘의 예금] 6월 첫째주 기준 최고 금리 주는 예금상품은? 대구은행 ‘...,"3일 금융감독원 금융상품통합비교공시 ‘금융상품한눈에’에 따르면, 대구은행의 ‘DGB함께예금’ 상품이 최고우대금리 4.15%로 가장 높은 우대금리를 제공하고 있다. ‘DGB함께예금’은 20일부터 선보인 약 1조원 규모의 고금리 예금이다. 개인 1인당 가입 한도가 별도로 정해지지 않은..."
36,"""시중은행 대구은행 'iM뱅크'로 새출발"".. 대구은행 진영수 상무","● 출연 : 대구은행 진영수 상무 ● 코너명 : BBS 대구불교방송 '라디오 아침세상' 08:30∼09:00 (2024년 5월 30일, 대구 FM 94.5Mhz, 안동 FM 97.7Mhz, 포항 105.5Mhz ▷ 앵커멘트 : 지난 16일, 금융위원회가 대구.경북권 중심의 지방은행인 의 시중은행 전환을 위한 은행업 인가를 의결했습니다. 이에따라 지난 1992년..."
37,"전국구 도약 대구은행, 마케팅 총력…'연 20% 적금'",DGB대구은행…iM뱅크 변신 앞두고 마케팅 총력전 시중은행 전환 인가를 획득하고 'iM뱅크'로 새출발을 준비하는 대구은행이 '전국구 은행'으로 도약하기 위한 마케팅을 본격화한 모습이다. 1일 금융권에 따르면 DGB대구은행은 오는 5일 연 20%의 금리를 제공하는 적금 상품을 내놓기로 했다. 시중은행 전환에 맞춰...
38,"대구은행, 기업·주주가치 높이기 본격화",DGB금융그룹이 대구은행의 시중은행 전환을 계기로 책임경영 강화와 주주가치 제고에 본격 나선다. DGB금융그룹은 오는 10~14일 미국 주요 도시에서 주요 주주와 잠재투자자를 대상으로 기업설명회(IR)를 개최한다고 3일 밝혔다. 이번 IR은 지난 3월 28일 황병우 DGB금융 회장 공식 취임 이후 약 3개월 만에...
39,"DGB대구은행, 시중은행 전환기념 ‘DGB함께예금’ 1조원 조기 판매 임박",DGB대구은행(은행장 황병우)이 시중은행 전환 인가를 기념해 실시한 대고객 감사제 ‘iM뱅크 Re-Born Festival’의 일환으로 진행한 1조원 규모의 고금리 예금이 조기 판매에 임박했다. 31일 DGB대구은행에 따르면 ‘iM뱅크 Re-Born Festival’은...
40,"DGB대구은행, 쓰담쓰담적금·청약저축 가입 시 롯데월드 할인권 증정","DBG대구은행은 오는 27일까지 iM뱅크 앱 또는 영업점에서 '쓰담쓰담적금', '주택청약종합저축' 상품을 가입한 고객에게 롯데월드 50% 할인권을 증정한다고 3일 밝혔다. 이번 할인권은 어드벤처, 어드벤처 부산, 서울스카이, 아쿠아리움, 워터파크 등 롯데월드의 5개 사업장에서 사용 가능하며, 이중 한 곳을..."
41,"DGB대구은행, 시중은행 전환 'DGB함께예금' 1조원 판매","DGB함께예금 일 최고 1천억 판매 아주경제=대구=이인수 기자 sinyong67@ajunews.com DGB대구은행은 시중은행 전환 인가를 기념해 ‘iM뱅크 Re-Born Festival’이 순항 중인 가운데, 감사의 의미로 진행한 1조원 규모의 고금리 예금이 조기 판매에 임박했다. [사진=] DGB은 시중은행 전환 인가를..."
42,"영남이공대학교, 대구은행장학문화재단 장학증서 전달식 성료","장학금 전달 통해 학생들의 학업 의욕 고취 및 지역 인재 양성에 앞장 영남이공대학교(총장 이재용)는 지난 30일 총장실에서 대구은행(139130)장학문화재단과 장학증서 전달식을 진행했다. 이날 전달식에는 영남이공대학교 이재용 총장, 학생복지처 권기진 처장, 화장품화공계열 서준혁 학생, 호텔·항공서비스..."
43,DGB대구은행 '고금리 특판 예금' 조기 소진 임박,DGB대구은행의 'DGB함께예금이' 조기 소진을 앞뒀다./DGB대구은행 DGB대구은행은 시중은행 전환 인가를 기념해 새로운 출발을 알리고 고객의 성원에 감사하는 대고객 감사제 'iM뱅크 Re-Born Festival'의 일환으로 마련된 1조원 규모의 고금리 예금이 조기 매진을 앞뒀다고 31일 밝혔다. 의 'iM뱅크...
44,"시중은행 전환하며 공격적 영업 나서는 대구은행, 기존 은행 위협할까","시중은행 전환하며 공격적 영업 나서는 대구은행, 기존 은행 위협할까 DGB대구은행이 내달 iM뱅크로 사명을 변경하며 시중은행으로 도약하기 위한 준비에 나섰다. 이와 함께 최고 20% 금리 상품을 예고하며 신규 고객 유입에 적극적이다. 다만, 금융권에서는 기존 중소기업 대출 시장에서 경쟁력을 확보하기..."
45,"[A 이슈체크] 시중은행으로 재탄생한 대구은행, 독과점 흔들까",대구와 경북지역을 기반으로 하는 지방은행이었던 DGB대구은행이 금융당국으로부터 시중은행 전환 인가를 받았다. KB국민·신한·하나·우리·한국씨티·SC제일은행에 이은 7번째 시중은행이다. 금융권은 이번 시중은행 전환이 은행간 경쟁을 촉진해 독과점을 흔들 수 있을지 주목하고 있다. 다만 의...
46,"[백투더투데이] ""대구에도 은행 만들자"" 1970년~80년대 대구은행","대구은행은 1967년 10월 7일 1억 5천만 원의 납입자본금으로 설립됐습니다. 전국 최초의 지방은행이었는데요, 1972년 서울지점을 열고 1979년에는 미국 뉴욕에 첫 해외 사무소의 문을 열었습니다. 한때 배구부를 운영하기도 했는데요, 1985년 현재 위치인 수성구 수성동 2가로 본점을 이전했습니다...."
47,"대구은행, 오늘부터 'iM뱅크'로 새출발","시중은행으로 전환한 대구은행이 오늘(5일)부터 'iM뱅크'로 재출범했습니다 DGB금융그룹은 조금 전 4시 40분부터 황병우 DGB금융그룹 회장을 비롯 계열사 사장 등 전체 임직원들이 참석한 가운데 사명 선포식을 가졌습니다. 대구은행은 오늘부터 'iM뱅크'로 사명을 바꾸고, 전국구 영업에 돌입합니다...."
48,"DGB금융, 계열사 사명 'iM'으로 변경…대구은행→iM뱅크",사진제공=DGB금융그룹 DGB금융그룹은 DGB대구은행의 시중은행 전환과 시중금융그룹으로의 변화에 맞춰 은행 및 비은행 계열사 사명 변경을 추진한다고 28일 밝혔다. 앞서 지난 16일 금융위원회 정례회의에서 '대구은행의 시중은행 전환 인가' 안건이 심의를 통과함에 따라 은 KB국민·신한·하나...
49,"대구은행, 불빛축제 기간 포항사랑카드 특판",지난해 포항국제불빛축제에 참여한 대구은행 이동점포 모습. 사진=DGB대구은행 제공 DGB대구은행은 '포항국제불빛축제'의 성공적인 개최 기원을 위해 축제 기간 동안 포항사랑카드 특별 할인 판매를 실시한다고 28일 밝혔다. 화합의 축제 '포항국제불빛축제'는 오는 31일부터 다음 달 2일까지 3일간 열린다....
50,"[기자수첩] 노이즈 많은 대구은행, 초금리 20%이자로 몸집 불리기?...금...",DGB대구은행이 '최고 20%에 달하는 고금리 적금' 상품을 출시한다고 밝혔다. 이에 대해 일각에서는 기대 보단 걱정의 소리가 높다. 아울러 지난 4월 DGB대구은행은 예금연계증권계좌를 1600여 개나 무더기로 불법 개설 혐의로 금융감독원으로부터 3개월 업무 일부(예금연계증권계좌 개설) 정지 및 과태료 20억...
51,"‘iM뱅크’로 사명 변경하는 대구은행, 'TK 소홀' 우려 불식 홍보전","DGB대구은행이 시중은행 전환에 맞춰 사명을 ‘iM뱅크’로 변경한다. 지난 16일 금융위원회가 대구은행의 시중은행 전환 인가 안건을 통과시킨 뒤 DGB금융그룹은 기부, 봉사 등으로 기존 고객을 신경 쓰는 모습을 보이고 있다. 시중은행 전환에 따라 그간 대구·경북에서 해 온 역할에 소홀할 수 있다는 지적에..."
52,(영상)반군vs무장괴한…대구은행의 거짓말[이혜라의 앵커나우],전일(28일) 이데일리TV 단독으로 전한 소식(관련기사 [단독]미얀마서 대구은행 현지직원 2명 반군에 피살)이 있습니다. 3년 전 군부 쿠데타 이후 내정 불안이 계속되고 있는 미얀마 소식인데요. 현지에 진출한 DGB대구은행(DGB금융지주(139130)) 자회사 직원 두 명이 반군의 총탄에 피살당했다는 내용입니다. 해당...
53,iM뱅크 알리려다 '역효과'...체면 구긴 DGB금융그룹,"iM뱅크(옛 대구은행)가 시중은행 전환을 기념해 지난 5일 출시한 최고금리 20%의 특판 적금이 당초 예상과 달리 10일 현재 아직도 판매 중이다. iM뱅크가 32만좌 한도로 출시한 '고객에게 진심이지' 적금은 출시 첫 날인 지난 5일 오전 한때 트래픽 폭주로 2천여 명이 대기해, 당일 완판 기대감을 키웠다. 하지만..."
54,"대구은행, 아이엠뱅크로 상호 변경",DGB금융지주는 다음달 5일부터 자회사인 대구은행의 상호가 아이엠뱅크(iM Bank)로 변경된다고 28일 공시했다. 대구은행은 새 상호를 내걸고 시중은행으로 전환됐다. 지난 16일 금융위원회가 정례회의를 열어 '대구은행의 시중은행 전환인가' 안건을 의결하면서다. 시중은행이 출범하는 것은 1992년...
55,12개월 최고 연 3.7%…대구은행 ‘DGB함께예금’ [이주의 은행 예금금리...,27일 금융감독원 금융상품통합비교공시에 따르면 은행 12개월 정기예금 가운데 세전 이자율 기준 기본 금리가 가장 높은 상품은 대구은행 ‘DGB함께예금’으로 연 3.70%의 금리를 제공한다. DGB함께예금은 최고 연 0.45%포인트의 금리우대 혜택이 있다. 전월 총수신 평잔 30만원 이상 또는 첫만남플러스...
56,대구은행이 말하는 '최고 연 20%' 적금 가입 유의사항은?,"DGB대구은행(은행장 황병우)이 다음 달 시중은행 전환 인가 기념 대고객 캠페인 'iM뱅크 Re-Born Festival'의 주력 상품인 '고객에게 진심이지 적금'의 출시를 앞두고, 가입 전 유의사항을 제시했다. 29일 대구은행에 따르면 최고 연 20%의 금리를 지급하는 단기소액적금인 ‘고객에게 진심이지 적금’은 오는..."
57,"DGB대구은행, 비대면 SOHO대출 ‘iM으뜸사장님 대출’ 출시",DGB대구은행이 시중은행 전환을 기념해 간편하게 사업자대출이 가능한 ‘iM으뜸사장님대출’을 출시했다.이 상품은 대구은행의 전국 영업망 확충을 위해 비대면으로 영업점 방문없이 빠르고 간편하게 이용할 수 있는 상품으로 최대 5000만원까지 사업자대출이 가능하다. 의 일정 취급 조건을 충족한...
58,[오늘의 예금] 5월 다섯째주 기준 최고 금리 주는 예금상품은? 대구은행...,"27일 금융감독원 금융상품통합비교공시 ‘금융상품한눈에’에 따르면, 대구은행의 ‘DGB함께예금’ 상품이 최고우대금리 4.15%로 가장 높은 우대금리를 제공하고 있다. ‘DGB함께예금’은 20일부터 선보인 약 1조원 규모의 고금리 예금이다. 개인 1인당 가입 한도가 별도로 정해지지 않은..."
59,대구은행 미얀마 법인서 현지인 직원 피살,"DGB대구은행(은행장 황병우)의 자회사인 미얀마 현지 법인 'DGB MFI(Microfinance Myanmar)' 소속 직원이 피살당했다. 27일 금융권에 따르면 지난 21일 DGB MFI 현지인 직원 2명이 무장 괴한에게 피살되는 사건이 발생했다. 은 ""피살된 직원은 직원이 아니라 DGB MFI 소속의 현지인 직원..."
60,"대구은행, 계명문화대학교와 아이엠 유니즈 구축 업무협약","DGB대구은행이 지난 23일 계명문화대학교와 스마트캠퍼스 플랫폼 '아이엠 유니즈(iM uniz)' 구축을 위한 전략적 업무협약을 체결했다고 24일 밝혔다. 아이엠 유니즈는 대구은행이 제공하는 대학생 전용 모바일 플랫폼으로, 학교와 학생의 플랫폼 인프라를 위해 구축됐다. 영어 단어 UNIVERSITY와 MZ를 조합해..."
61,"대구은행장학문화재단, 지역 대학(원)생 장학금 전달",총 95명의 대학(원)생에게 1억 9000만원의 장학금이 전달 대구은행장학문화재단은 현재까지 약 7100여 명의 학생들에게 총 100억여원의 장학금 지원 대구은행장학문화재단은 24일 각 지역 대학(원)을 대표해 경북대학교에서 장학금을 전달했다.이번 장학금 전달식은 각 지역 대학(원)을 대표해...
62,"대구은행, 비대면 SOHO대출 'iM으뜸사장님 대출' 출시","황병우 ""금융 혜택 지속발굴"" [시장경제=정우교 기자] 사진=대구은행 DGB대구은행은 시중은행 전환을 기념해 영업점 방문없이 빠르고 간편하게 사업자대출이 가능한 'iM으뜸사장님대출'을 선보였다고 24일 밝혔다. 본 상품은 의 전국 영업망 확충을 위해 비대면으로 영업점 방문없이 빠르고 간편하게..."
63,"""이자 20% 적금""…대구은행 특판 '오픈런' 벌어지나",DGB대구은행이 시중은행 '아이엠(iM)뱅크'로의 전환을 기념해 최고 20%에 달하는 고금리 특판을 준비하고 있다. 경쟁력 있는 여수신 상품을 잇달아 시장에 출시하며 신규 고객을 유치해 나간다는 전략이다. 23일 금융권에 따르면 은 최고 연 20%의 적금 신상품을 다음 달 초 출시할 예정이다. 가입자가...
64,"DGB대구은행, 김천복지재단에 성금 500만원 전달","DGB대구은행(은행장 황병우)은 지난 21일 김천복지재단(이사장 김충섭)에 성금 500만원을 기탁했다고 밝혔다. 이날 성금 전달은 이경재 대구은행 서부본부장, 소영섭 김천지점장을 비롯해 본점 직원 40여 명이 봉산면에 있는 포도 재배 농가 현장을 방문해 일손 돕기 활동 중 이뤄졌다. 이경재 ..."
65,"시중은행 도전하는 대구은행, 비용 효율 높이기 몰입",대구은행의 1분기 영업이익경비율(CIR)이 30%대로 내려갔다. 지난 몇 년 간 희망퇴직을 실시하는 등 인력구조 개편 노력 효과 덕분이다. 게다가 원화대출 자산 증대로 영업이익이 증가한 점도 한 몫 했다. 무엇보다 시중은행 전환 과정에서 단기적으로 영업비용이 확대될 가능성이 높은 만큼 선제적으로...
66,"대구은행, '초자동화·초개인화' 전략에 총력… '뉴하이브리드 뱅크' 업...","◆‘RPA 기반 초자동화’ 강화… 대고객 채널·내부업무 효율화 지속 개선 'iM뱅크'로 사명을 변경하는 대구은행이 시중은행으로 전환된다고 해서 기존 업무 내용이 크게 달라지는 것은 없다. 그러나 대구은행은 향후 3년내 14개 전국 거점 점포 신설 등 규모의 양적 확장이 당분간 불가피하고, 동시에 단순..."
67,"시중銀 '메기' 꿈꾸는 대구은행, 6배 체급차 극복할 수 있을까","창립 56년만에 시중은행으로 전환된 DGB대구은행이 시중은행을 견제할 메기 역할을 수행하기 위해서는 자본확충이 최우선 과제로 꼽힌다. 하지만, 최대주주인 DGB금융의 현재 보통주자본비율과 이중레버리지비율을 고려할 때 출자를 대폭 늘릴 수 있는 처지가 아니어서 단기간 내 경쟁력 확보가 쉽지 않은..."
68,대구은행의 시중은행 전환에 '정치적 배경' 의혹,금융당국이 대구은행을 시중은행으로 인가한 것을 두고 말이 많다. 어느 모로 보나 대구은행은 아직 지방은행 수준을 벗지 못했는데 갑자기 시중은행 자격을 획득한 데는 모종의 정치적 배경이 깔려 있다는 의혹이 일고 있다. 21일 은행권에 따르면 금융위원회는 지난달 불법계좌 개설로 금융실명법과...
69,시중은행 전환 대구은행… '뉴 하이브리드 뱅크' 구현 전략 본격 속도전,"이상근 대구은행 ICT그룹 부행장 -디지털 전략 중시, '뉴 하이브리드뱅크' 구현할 새로운 차세대시스템 구축 목표…2026년말까지 '단계적' 구축 방식 검토 -2025년 완료를 목표로 iM뱅크 앱 고도화 (넥스트iM뱅크)사업도 추진 이 이제 시중은행으로 변신해 새로운 한 시대를 시작한다. DGB금융그룹의 핵심..."
70,"전국구된 대구은행, OK그룹 영향력은","모회사 DGB금융 최대주주 등극…현재 단순투자 명시, 향후 일반투자 변경 가능성도 DGB대구은행이 32년만에 시중은행 전환에 성공하면서 OK금융그룹과의 관계가 다시금 주목받고 있다. 대구은행 지주사인 DGB금융지주의 최대주주가 OK저축은행인 탓이다. OK저축은행은 OK금융그룹 지주사인 OK홀딩스대부의 100..."
71,'대구은행' 메기 풀었는데…기업대출 경쟁서 살아남을까,DGB대구은행이 시중은행 전환 인가를 받으면서 '전국구' 기업대출 경쟁에 도전장을 던진다. 다만 업계는 대구은행이 기업대출에서 시중은행과 맞붙기 위해서는 조달 경쟁력을 갖춰야 할 것으로 보고 있다. 최근 기업대출 경쟁이 심화하고 있어 금리 경쟁이 불가피할 것으로 예상되기 때문이다. 은 최근...
72,"[금융의 호랑이_DGB대구은행 황병우 은행장 편] 황병우 DGB대구은행장, ...","DGB대구은행(은행장 황병우)이 전국구 도약을 목전에 뒀다. 이달 안에 시중은행으로의 전환이 마무리될 것으로 예상되기 때문이다. DGB대구은행이 시중은행으로의 전환을 마치면, 별도의 폐업인가나 신규 인가를 받지 않고 기존 인가를 변경하는 방식으로 전환되는 첫 사례가 될 전망이다. 현재..."
73,"대구은행, 시중은행으로 '인가'…황병우號 첫 번째 '쾌거'",대구은행 본점. [사진=대구은행] 라이센스뉴스 = 김상미 기자 | 대구은행이 지방은행에서 시중은행으로 전환된다. 황병우號의 첫 번째 '쾌거'다. 금융위원회는 지난 16일 대구은행의 시중은행 전환 인가를 의결했다. 이로써 이 대구·경북권 중심의 지방은행에서 '전국구'를 영업 단위로 하는...
74,"'시중은행' 대구은행, 파격 혜택 담은 여수신상품 출시",DGB대구은행은 지난 16일 시중은행 전환 인가를 기념해 고객 성원에 감사하는 의미로 대고객 감사제 'iM뱅크 리본(Re-Born) 페스티발(Festival)'을 실시한다고 20일 밝혔다. DGB대구은행은 지난 16일 시중은행 전환 인가를 기념해 고객 성원에 감사하는 의미로 대고객 감사제 'iM뱅크 리본(Re-Born) 페스티발(Festival)...
75,"[제17회 영남일보 국제하프마라톤대회] 17년째 대회 개근 대구은행 ""시중...","영남일보 국제 하프마라톤대회가 열린 19일, 대구스타디움 한쪽에는 올해도 어김없이 DGB대구은행 부스가 마련됐다. 부스에서 몸을 풀던 대구은행 임직원들은 출발 시각이 임박하자 'DGB대구은행'이 새겨진 깃발을 들고 트랙에 섰다. 대구경북에서 열리는 각종 마라톤대회에 참여하는 은 영남일보..."
76,"대구은행, 체질개선 난항…건전성 되레 악화","뉴스토마토 = 박준형 기자 | DGB대구은행이 가까스로 시중은행 전환 인가를 받았지만, 자산 건전성에 대한 우려가 커지고 있습니다. 연체율이 오르고 자본비율이 하락하고 있는 데다 대구·경북 지역 부동산 경기 침체로 대출 부실 우려마저 커졌습니다. DGB금융 지원 기대 못해 (그래픽=뉴스토마토) 17일..."
77,'전국구' 대구은행의 야심찬 출사표…'메기 역할론'엔 기대 반 우려 반,대구은행이 시중은행으로 전환되는 가운데 거대 전국구 은행들과 본격적인 대결을 앞두게 됐다. 사진=연합뉴스 매일일보 = 이광표 기자 | 시중은행으로 전환한 DGB대구은행이 은행권 과점 체제를 깰 '메기'로 부상할지 관심이 집중된다. 은 전통적 강점의 중소기업·중저신용자 대출 영업을...
78,"[주간브리핑] 대구은행, 시중은행 전환…SK·삼성, '반도체 클러스터' 조...","국내 최초 지방은행인 DGB대구은행이 시중은행으로 전환될 예정입니다. 앞서 지난해 7월 정부는 은행업계 경쟁 촉진을 위해 지방은행의 시중은행 전환을 추진하겠다고 밝힌 바 있습니다. 지금까지 경상권과 수도권에서만 영업을 해왔던 은 향후 3년간 수도권과 충청, 강원 지역에 영업점 14개를..."
79,"대구은행, 내달 최고 연 20% 적금 신상품 선보인다","DGB대구은행(은행장 황병우)이 시중은행 전환을 기념해 다음 달 최고 연 20%의 금리를 제공하는 신상품을 선보인다. 21일 대구은행에 따르면 대고객 감사제인 'iM뱅크 Re-Born Festival'을 실시한다고 밝혔다. 'iM뱅크 Re-Born Festival'은 예금과 외환, 대출, 펀드, 카드, 음원 스트리밍 서비스 등 다양한 금융..."
80,"[심층] 대구은행 ""대구 본점 두고 전국으로""···32년 만에 '시중은행'...","시중은행 전환 첫 지방은행 금융위원회는 5월 16일 정례 회의를 열고 '대구은행의 시중은행 전환 인가' 안건을 인가했습니다. 대구은행이 시중은행 전환 인가 신청서를 지난 2월 제출해 석 달 만에, 정부가 지방은행 시중은행 전환을 밝힌 지 열 달 만에 지방은행 최초의 시중은행이 탄생했습니다. 이는..."
81,"대구은행, 시중은행 전환 기념 이벤트 다양","DGB대구은행은 시중은행 전환 인가를 기념해 고객 참여형 이벤트인 'iM뱅크 Re-Born Festival'을 진행합니다. 대구은행은 1인당 가입 한도가 정해지지 않은 예금을 조건에 따라 연 기본 3.70%에서 4.15% 금리를 적용하는 1조 원 규모의 예금상품을 판매 중인데, 다음 달 초에는 최고 연 20% 적금도 내놓을..."
82,"DGB대구은행, 유튜버 크리에이터 수익금 'iM뱅크' 수령",'해외송금 바로받기'로 iM뱅크에서 편리한 수령 아주경제=대구=이인수 기자 sinyong67@ajunews.com DGB대구은행은 유튜버 수익금을 수수료 및 환율우대 혜택을 제공하는 ‘iM크리에이터 이벤트’를 실시한다. [사진=] DGB은 해외송금을 통해 지급되는 유튜버 수익금을 받는 크리에이터들을...
83,"대구경북 기여로 성장한 대구은행, 시중은행 전환 이후에도 역할 유지할...",대구은행이 창립 57년 만에 지방은행에서 시중은행으로 전환됐다. 전국으로 사업을 확장하게 된 대구은행을 두고 기대와 우려가 동시에 나온다. 시중은행 전환 이후 기존 지방은행으로서 해 온 역할이 소홀해질 수 있다는 우려를 두고 은 경쟁력을 강화해 이익 창출과 대구경북 재투자까지...
84,"나이스신용평가 “대구은행, 시중은행 전환후 영업비용↑·위험가중자산...",나이스신용평가는 17일 대구은행의 시중은행 전환이 대구은행과 DGB금융그룹의 신용도에 미치는 영향은 제한적이라고 밝혔다. 금융위원회는 전날 대구·경북권 지역에서 영업을 이어가고 있는 대구은행의 시중은행 전환 인가를 의결했다. 이로써 사명을 ‘iM뱅크’로 변경한 은 KB국민·신한·우리...
85,"포항시, 소상공인 보증 재원 1천114억원 조성…""전국 최대 규모""","올해 2월 iM뱅크(대구은행)를 시작으로 포항수협, 오천신협, 새마을금고 등과 차례로 협약을 맺고 1천114억원의 특례보증 재원을 마련했다. 시는 조성한 특례 재원을 바탕으로 지역 소상공인의 금융 수요를 맞추기 위해 14일부터 500억원 규모 특례보증 재원 신청을 받는다. 희망 소상공인은 구비 서류를 갖춰..."
86,"대구은행, 시중은행 전환 인가... '전국구' 은행 도약","DGB대구은행이 지방은행 중 처음으로 시중은행으로 전환한다. '전국구' 은행으로의 도약을 통해 성장 동력을 마련하게 됐다는 기대감이 높아지는 가운데, 기존 시중은행과의 경쟁을 위해서는 시간이 걸릴 거라는 전망도 제기된다. 금융위원회는 지난 16일 제9차 정례회의를 열고 대구·경북권 중심의 지방은행인..."
87,"대구은행, 올해도 깃발 흔들며 '지역민과 즐거운 동행'","""새로운 시작, 늘 그랬듯이 지역민과 함께하겠습니다.""시중은행 전환 인가가 결정된 DGB대구은행 임직원과 가족들이 '제17회 영남일보 국제 하프마라톤대회' 참가 포부를 밝혔다.오는 19일 오전 대구스타디움에서 열리는 이번 대회에 팀은 모두 144명이 참가한다. 대구 정화중(290명)에 이어 둘째로 많은..."
88,"하이투자증권, 대구은행 따라 사명 변경하나…'iM투자증권' 유력",국내 최초의 지방은행인 대구은행이 시중은행 전환과 함께 '아이엠(iM)뱅크'로 사명 변경에 나서면서 증권 계열사인 하이투자증권도 이름을 바꿀 것으로 보인다. 이미 대주주인 DGB금융지주(139130)는 '아이엠(iM)투자증권'에 대한 상표권 등록을 마쳤다. 금융위원회는 지난 16일 정례회의를 열고 '의...
89,"대구은행, '뉴 하이브리드 뱅크' 비전 아래 전국구 은행 도약",사진=DGB대구은행 한국금융경제신문=김선재 기자 | 금융당국으로부터 시중은행 전환 인가를 받은 DGB대구은행이 '전국의 고객과 함께 성장하는 뉴 하이브리드 뱅크(New Hybrid Bank)'라는 비전 아래 전국구 은행으로 도약한다. DGB의 전국 영업망 구축을 위한 첫 번째 거점 지역은 강원도 원주가 될...
90,"대구은행, 32년만에 7번째 시중은행… 과점 깰 메기될까",뉴데일리 이나리 기자 = 대구‧경북권 지방은행인 DGB대구은행이 전국구 영업이 가능한 시중은행 전환에 성공했다. 1992년 평화은행 이후 32년 만에 새 시중은행 출범이자 신한·우리·하나·한국씨티·KB국민·SC제일은행에 이은 7번째 시중은행이다. 이 전통 시중은행의 과점체제를 흔들 '메기' 역할을...
91,"""시중은행 된 대구은행, 디지털 거점 서울로 옮겨 정면승부""","“올해 DGB대구은행의 디지털본부 거점을 서울 마포로 옮길 계획입니다. 고급 인력 확보와 핀테크, 유관 기관 등과 협업해 경쟁력을 키우겠습니다. 대구 중심의 오프라인 기반을 장점으로 살리면서도 수도권을 중심으로 한 디지털 혁신을 통해 ‘뉴 하이브리드 뱅크’로 거듭나는 것이 목표입니다.” 황병우..."
92,"대구은행, '전국구'로 도약…'내부통제·건전성'도 문제없어",컨슈머타임스=이지영 기자 | DGB대구은행이 대구·경북권 중심의 '지방은행'에서 '시중은행'으로 전환된다. '전국구' 은행으로 도약한 대구은행이 시중은행의 새로운 바람이 될 수 있을지 기대를 모은다. 금융권에선 이번 전환인가에서 의 내부통제 관련 부분이 중점 검토 사항이 될 것으로 봤다. 이에...
93,32년 만에 시중은행 탄생... 대구은행 시중은행 전환 인가,"금융위원회는 16일 제9차 정례회의를 열고 대구·경북권 중심의 지방은행인 대구은행의 시중은행 전환을 위한 은행업 인가를 의결했다고 밝혔다. 이로써 1992년 평화은행 인가 이후 32년만에 새로운 시중은행이 출범하게 됐다. 이 신한은행, 우리은행, 하나은행, 한국씨티은행, KB국민은행, SC제일은행에..."
94,"역사 다시 쓰는 대구은행…""이제 전국구입니다""",그러나 이제 '대부광전경'에서 대구은행 이름이 빠진다. 16일 대구은행은 금융위원회로부터 시중은행 전환을 공식 인정받아 전국구 은행으로 재탄생한다. ◆최초 타이틀 익숙한 대구은행(1967~1980년) 지방은행이 시중은행으로 재탄생하는 건 최초다. 지방은행은 1967년 당시 정부가 추진한 '1도1행' 정책으로...
95,"대구은행, 우여곡절 끝에 지방은행 첫 시중은행 전환","작년 7월 시중은 전환의사 밝히고 10개월여만 은행 측 ""지역 경제 위해 더 큰 일 하는 은행 되겠다"" DGB대구은행이 16일 금융위원회의 의결로 시중은행이 됐다. 지난해 7월 초 시중은행을 전환 추진 의사를 밝힌 지 10개월여 만이다. DGB은 평화은행 이후 32년 만에 새로운 시중은행이 됐고, 지방은행 가운데..."
96,"대구은행, 국내 7번째 시중은행 탄생…공룡 틈새 생존 가능할까","DGB대구은행이 16일 전환 인가를 받으면서 지방은행에서 탈바꿈한 첫 번째 은행이자, 7번째 시중은행이 됐다. '아이엠(iM)뱅크'로 새롭게 출범하는 대구은행에 대해, 금융당국은 굳건한 5대 은행 과점체제를 흔들 '메기' 역할을 기대하고 있다. 업계에서는 시중은행으로의 전환 첫발을 뗀 것일 뿐 앞으로..."
97,대구은행 시중은행 전환 인가…32년만의 새 시중은행 탄생,대구은행이 지방은행으로는 최초로 시중은행으로 전환하면서 32년 만에 새로운 시중은행이 탄생했습니다. 금융위원회는 오늘(16일) 제9차 정례회의를 열고 대구은행의 시중은행 전환을 위한 은행업 인가를 결정했습니다. 1992년 평화은행 인가 이후 32년 만에 새로운 시중은행 출범입니다. 은 신한...
98,"대구은행 시중은행전환, ""사명 iM뱅크""",금융위원회는 오늘(16일) 정례회의를 열어 대구은행의 시중은행 전환을 위한 은행업 인가를 의결했다고 밝혔습니다. 이로써 대구은행은 1992년 평화은행 인가 이후 32년 만에 새로운 시중은행의 출범이자 신한·우리·하나·한국씨티·KB국민·SC제일은행에 이은 7번째 시중은행이 됐습니다. 금융위는 민간...
99,"대구은행, 시중은행 전환 인가…32년 만에 전국구 은행 탄생","대구·경북권 중심의 지방은행인 대구은행이 '전국구'를 영업 단위로 하는 시중은행으로 전환합니다. 1992년 평화은행 인가 이후 32년 만에 새로운 시중은행의 출범이자, 신한·우리·하나·한국씨티·KB국민·SC제일은행에 이은 7번째 시중은행입니다. 금융위원회는 오늘(16일) 정례회의를 열고 의..."
