선수명,팀명,경기,타석,타수,안타,단타,2루타,3루타,홈런,고4,HBP,희플,희타,병살,도실,득점,타점,볼넷,삼진,도루,BABIP,타율,출루율,장타율,OPS,wOBA,WAR,볼넷%,삼진%,볼/삼,ISO,타수/홈런,OPS,RC,RC/27,wRC,SPD,wSB,wOBA,wRAA,WAR
황경태      ,두산  ,1,1,1,0,0,0,0,0,0,0,0,0,0,0,0,0,0,1,0,,0,0,0,0,0,-0.03,0,100,0,0,,0,0,0,-0.19,,0,0,-0.31,-0.03
나원탁      ,롯데  ,1,1,1,0,0,0,0,0,0,0,0,0,0,0,0,0,0,1,0,,0,0,0,0,0,-0.03,0,100,0,0,,0,0,0,-0.19,,0,0,-0.31,-0.03
서진용      ,SSG   ,1,1,1,0,0,0,0,0,0,0,0,0,0,0,0,0,0,1,0,,0,0,0,0,0,-0.03,0,100,0,0,,0,0,0,-0.19,,0,0,-0.31,-0.03
오장한      ,NC    ,1,1,1,0,0,0,0,0,0,0,0,0,0,0,0,0,0,1,0,,0,0,0,0,0,-0.03,0,100,0,0,,0,0,0,-0.19,,0,0,-0.31,-0.03
최종은      ,롯데  ,1,1,1,0,0,0,0,0,0,0,0,0,0,0,0,0,0,1,0,,0,0,0,0,0,-0.03,0,100,0,0,,0,0,0,-0.19,,0,0,-0.31,-0.03
박성재      ,두산  ,1,1,1,0,0,0,0,0,0,0,0,0,0,0,0,0,0,1,0,,0,0,0,0,0,-0.03,0,100,0,0,,0,0,0,-0.19,,0,0,-0.31,-0.03
이주형      ,Hero  ,5,11,10,1,0,0,0,1,0,0,0,0,0,0,1,3,1,7,0,0,0.1,0.182,0.4,0.582,0.249,-0.08,9.1,63.6,0.14,0.3,10,0.582,0.77,2.31,0.46,1.81,0,0.249,-0.89,-0.08
송호정      ,한화  ,10,11,10,0,0,0,0,0,0,0,0,0,0,0,1,0,1,8,0,0,0,0.091,0,0.091,0.07,-0.24,9.1,72.7,0.12,0,,0.091,0.02,0.05,-1.33,6.81,0,0.07,-2.69,-0.24
김주성      ,LG    ,3,7,6,1,0,0,0,1,0,0,0,0,0,0,1,1,1,3,0,0,0.167,0.286,0.667,0.953,0.391,0.06,14.3,42.9,0.33,0.5,6,0.953,1.22,6.59,1.2,1.81,0,0.391,0.34,0.06
정상호      ,SSG   ,3,3,3,0,0,0,0,0,0,0,0,0,0,0,0,0,0,2,0,0,0,0,0,0,0,-0.08,0,66.7,0,0,,0,0,0,-0.56,,0,0,-0.93,-0.08
백동훈      ,두산  ,5,3,3,0,0,0,0,0,0,0,0,0,0,0,1,0,0,2,0,0,0,0,0,0,0,-0.09,0,66.7,0,0,,0,0,0,-0.56,,0,0,-0.93,-0.09
백승민      ,삼성  ,4,3,3,0,0,0,0,0,0,0,0,0,0,0,0,0,0,2,0,0,0,0,0,0,0,-0.09,0,66.7,0,0,,0,0,0,-0.56,,0,0,-0.93,-0.09
홍현빈      ,KT    ,43,12,11,2,2,0,0,0,0,0,0,1,0,1,8,0,0,8,0,1,0.182,0.182,0.182,0.364,0.167,-0.25,0,66.7,0,0,,0.364,0.21,0.52,-0.4,23.62,-0.46,0.167,-1.87,-0.25
강로한      ,롯데  ,21,35,33,4,2,0,0,2,0,0,0,0,0,0,7,4,2,18,0,0,0.121,0.171,0.303,0.474,0.209,-0.31,5.7,51.4,0.11,0.182,16.5,0.474,1.8,1.68,0.18,8.06,0,0.209,-4.12,-0.31
이명기      ,Hero  ,3,8,6,1,1,0,0,0,0,0,0,0,0,0,0,1,2,3,0,0,0.167,0.375,0.167,0.542,0.308,-0.01,25,37.5,0.67,0,,0.542,0.57,3.08,0.77,1.81,0,0.308,-0.22,-0.01
이주찬      ,롯데  ,3,8,7,0,0,0,0,0,0,0,0,1,0,0,0,0,0,5,0,0,0,0,0,0,0,-0.23,0,62.5,0,0,,0,0,0,-1.48,,0,0,-2.47,-0.23
오선우      ,KIA   ,9,16,15,1,1,0,0,0,0,0,0,0,0,0,1,0,1,9,0,0,0.067,0.125,0.067,0.192,0.106,-0.33,6.2,56.2,0.11,0,,0.192,0.16,0.31,-1.42,4.31,0,0.106,-3.39,-0.33
신성현      ,두산  ,11,15,11,2,2,0,0,0,0,1,0,0,0,0,3,0,3,6,0,0,0.182,0.4,0.182,0.582,0.33,0.04,20,40,0.5,0,,0.582,1.22,3.66,1.73,5.56,0,0.33,-0.11,0.04
고명준      ,SSG   ,3,5,5,0,0,0,0,0,0,0,0,0,1,0,0,0,0,3,0,0,0,0,0,0,0,-0.16,0,60,0,0,,0,0,0,-0.93,,0,0,-1.54,-0.16
김지수      ,한화  ,11,25,24,2,1,1,0,0,0,0,0,0,0,0,0,0,1,14,0,0,0.083,0.12,0.125,0.245,0.118,-0.48,4,56,0.07,0.042,,0.245,0.39,0.48,-1.94,1.81,0,0.118,-5.02,-0.48
이진영      ,KIA   ,17,47,40,8,3,2,1,2,0,4,0,0,0,0,8,5,3,22,1,0,0.2,0.319,0.45,0.769,0.345,0.22,6.4,46.8,0.14,0.25,20,0.769,6.49,5.48,6.1,15.25,0.2,0.345,0.32,0.22
백용환      ,KIA   ,3,7,5,0,0,0,0,0,0,0,0,0,0,0,0,0,2,2,0,0,0,0.286,0,0.286,0.221,0.02,28.6,28.6,1,0,,0.286,0.15,0.81,0.12,1.81,0,0.221,-0.75,0.02
권동진      ,KT    ,86,86,67,17,11,5,0,1,0,0,0,1,0,3,21,6,18,30,3,0,0.254,0.412,0.373,0.785,0.38,0.66,20.9,34.9,0.6,0.119,67,0.785,11.82,5.91,13.88,6.19,-0.8,0.38,3.3,0.66
오정환      ,KIA   ,9,18,17,4,3,1,0,0,0,0,0,0,0,0,1,2,1,9,0,1,0.235,0.278,0.294,0.572,0.266,-0.06,5.6,50,0.11,0.059,,0.572,1.46,3.03,1.03,2.81,0,0.266,-1.18,-0.06
강경학      ,한화  ,12,26,22,3,3,0,0,0,0,0,0,0,0,0,1,0,4,10,1,0,0.136,0.269,0.136,0.405,0.225,-0.15,15.4,38.5,0.4,0,,0.405,1.23,1.75,0.52,3.89,0.2,0.225,-2.68,-0.15
김규성      ,KIA   ,54,41,36,5,4,1,0,0,0,0,0,0,0,1,8,2,5,17,0,0,0.139,0.244,0.167,0.411,0.215,-0.35,12.2,41.5,0.29,0.028,,0.411,1.6,1.35,0.43,6.55,-0.46,0.215,-4.61,-0.35
박주홍      ,Hero  ,23,56,47,5,3,2,0,0,0,0,0,0,1,1,4,3,9,21,1,0,0.106,0.25,0.149,0.399,0.219,-0.61,16.1,37.5,0.43,0.043,,0.399,2.11,1.29,0.79,2.93,-0.27,0.219,-6.1,-0.61
이홍구      ,KT    ,37,58,55,9,8,0,0,1,1,0,1,1,4,0,4,5,2,28,0,0,0.164,0.19,0.218,0.408,0.177,-0.58,3.4,48.3,0.07,0.054,55,0.408,1.58,0.84,-1.39,-2.67,0,0.177,-8.53,-0.58
권민석      ,두산  ,33,15,14,3,1,2,0,0,0,0,0,0,0,0,8,1,1,7,0,0,0.214,0.267,0.357,0.624,0.281,-0.04,6.7,46.7,0.14,0.143,,0.624,1.4,3.44,1.06,11.81,0,0.281,-0.78,-0.04
최정민      ,KIA   ,39,19,15,5,5,0,0,0,0,1,0,0,1,3,5,1,3,7,2,1,0.333,0.474,0.333,0.807,0.406,0.08,15.8,36.8,0.43,0,,0.807,1.86,3.59,3.51,2.47,-0.99,0.406,1.17,0.08
송민섭      ,KT    ,122,65,48,11,11,0,0,0,0,0,0,5,0,1,39,7,12,22,15,0,0.229,0.383,0.229,0.612,0.323,0.3,18.5,33.8,0.54,0,,0.612,8.3,5.21,7.12,14.09,2.52,0.323,-0.88,0.3
조한민      ,한화  ,52,145,127,25,12,6,2,5,0,2,2,3,4,2,15,18,13,57,3,0,0.197,0.278,0.394,0.672,0.3,-0.19,9,39.3,0.23,0.197,25.4,0.672,13.43,3.27,12.76,5.56,-0.33,0.3,-5.07,-0.19
이병규      ,롯데  ,29,43,34,8,8,0,0,0,0,1,0,0,2,0,4,4,8,14,0,0,0.235,0.395,0.235,0.63,0.333,0.09,18.6,32.6,0.57,0,,0.63,3.61,3.48,5.1,-0.85,-0.01,0.333,-0.18,0.09
김성표      ,삼성  ,39,24,18,6,6,0,0,0,0,0,0,1,0,1,10,1,5,7,2,1,0.333,0.478,0.333,0.811,0.408,0.26,20.8,29.2,0.71,0,,0.811,3.69,7.12,4.48,8.14,-0.07,0.408,1.53,0.26
유서준      ,SSG   ,6,2,2,0,0,0,0,0,0,0,0,0,0,0,1,0,0,1,0,0,0,0,0,0,0,-0.06,0,50,0,0,,0,0,0,-0.37,,0,0,-0.62,-0.06
이태훈      ,삼성  ,3,2,2,0,0,0,0,0,0,0,0,0,0,0,0,0,0,1,0,0,0,0,0,0,0,-0.06,0,50,0,0,,0,0,0,-0.37,,0,0,-0.62,-0.06
김민혁      ,두산  ,6,8,6,0,0,0,0,0,0,0,0,0,0,0,0,0,2,2,0,0,0,0.25,0,0.25,0.194,-0.09,25,25,1,0,,0.25,0.13,0.58,-0.07,1.81,0,0.194,-1.05,-0.09
이성곤      ,삼성  ,2,2,2,0,0,0,0,0,0,0,0,0,0,0,0,0,0,1,0,0,0,0,0,0,0,-0.55,0,50,0,0,,0,0,0,-0.37,,0,0,-0.62,-0.55
신준우      ,Hero  ,56,51,42,7,4,3,0,0,0,3,1,2,1,1,7,4,4,21,0,0,0.167,0.28,0.238,0.518,0.258,-0.19,7.8,41.2,0.19,0.071,,0.518,3.09,2.14,2.57,4.93,-0.47,0.258,-3.7,-0.19
강태율      ,롯데  ,19,31,26,2,0,1,0,1,0,0,1,1,1,1,1,5,4,10,0,0,0.077,0.194,0.231,0.425,0.204,-0.27,12.9,32.3,0.4,0.154,26,0.425,1.01,1.01,0.02,0.36,-0.46,0.204,-3.79,-0.27
김도환      ,삼성  ,25,46,41,6,4,2,0,0,0,2,0,1,0,1,1,1,2,20,0,0,0.146,0.222,0.195,0.417,0.207,-0.37,4.4,43.5,0.1,0.049,,0.417,1.87,1.36,0.17,3.44,-0.46,0.207,-5.49,-0.37
김수환      ,Hero  ,13,44,41,9,5,2,0,2,0,0,1,1,2,0,5,5,2,17,0,0,0.22,0.25,0.415,0.665,0.286,-0.12,4.6,38.6,0.12,0.195,20.5,0.665,3.71,2.86,3.33,-0.16,0,0.286,-2.08,-0.12
김병희      ,KT    ,34,70,52,15,7,3,0,5,0,3,0,2,0,0,16,13,13,15,3,0,0.288,0.456,0.635,1.091,0.477,1.31,18.6,21.4,0.87,0.347,10.4,1.091,17.61,12.19,17.51,6.28,0.59,0.477,8.9,1.31
전병우      ,Hero  ,115,261,214,40,26,8,0,6,0,9,1,5,0,1,35,31,33,84,3,0,0.187,0.319,0.308,0.627,0.305,0.1,12.6,32.2,0.39,0.121,35.67,0.627,25.23,3.78,24.25,5.47,0.11,0.305,-7.84,0.1
배성근      ,롯데  ,78,109,93,19,14,4,0,1,0,0,0,2,1,0,21,9,14,36,1,0,0.204,0.308,0.28,0.588,0.287,-0.04,12.8,33,0.39,0.076,93,0.588,9.16,3.21,8.33,5.05,0.19,0.287,-5.08,-0.04
임지열      ,Hero  ,19,30,25,3,3,0,0,0,0,1,0,0,1,1,5,0,4,10,0,0,0.12,0.267,0.12,0.387,0.221,-0.33,13.3,33.3,0.4,0,,0.387,0.86,0.97,0.5,4.11,-0.46,0.221,-3.19,-0.33
이학주      ,삼성  ,66,174,155,32,20,8,0,4,0,1,0,4,3,2,17,20,14,61,1,0,0.206,0.276,0.335,0.611,0.282,-0.17,8,35.1,0.23,0.129,38.75,0.611,14.12,2.89,12.5,2.79,-0.74,0.282,-8.89,-0.17
박준태      ,Hero  ,27,58,46,9,6,3,0,0,0,2,0,0,0,0,10,4,10,16,1,0,0.196,0.362,0.261,0.623,0.321,0.09,17.2,27.6,0.62,0.065,,0.623,5.66,4.13,6.23,5.71,0.19,0.321,-0.9,0.09
김호은      ,LG    ,7,9,9,0,0,0,0,0,0,0,0,0,0,0,0,0,0,4,0,0,0,0,0,0,0,-0.28,0,44.4,0,0,,0,0,0,-1.67,,0,0,-2.78,-0.28
장지승      ,한화  ,24,72,61,11,9,1,0,1,0,1,1,3,4,0,7,5,7,24,2,0,0.18,0.271,0.246,0.517,0.253,-0.41,9.7,33.3,0.29,0.066,61,0.517,4.15,1.97,3.26,0.73,0.39,0.253,-5.59,-0.41
허관회      ,한화  ,28,79,63,12,12,0,0,0,0,1,2,2,1,0,4,2,13,22,0,0,0.19,0.329,0.19,0.519,0.277,-0.19,16.5,27.8,0.59,0,,0.519,5.47,2.74,5.31,1.67,-0.01,0.277,-4.4,-0.19
지석훈      ,NC    ,28,43,34,5,4,1,0,0,0,1,1,1,0,0,6,2,7,12,0,0,0.147,0.302,0.176,0.478,0.259,-0.15,16.3,27.9,0.58,0.029,,0.478,2.69,2.42,2.2,4.54,-0.01,0.259,-3.09,-0.15
박병호      ,Hero  ,118,477,409,93,50,23,0,20,3,14,7,7,9,1,48,76,47,141,0,0,0.227,0.323,0.43,0.753,0.336,0.55,9.8,29.6,0.33,0.203,20.45,0.753,59.02,4.79,57.82,1.78,-0.51,0.336,-0.84,0.55
알테어      ,NC    ,143,565,492,134,81,19,2,32,2,11,4,4,6,5,83,84,57,156,20,0,0.272,0.358,0.514,0.872,0.384,4.89,10.1,27.6,0.36,0.242,15.38,0.872,95.74,6.93,92.94,5.77,1.62,0.384,23.46,4.89
최인호      ,한화  ,49,164,136,28,18,6,0,4,0,2,2,2,1,1,17,23,24,43,2,0,0.206,0.329,0.338,0.667,0.318,0.03,14.6,26.2,0.56,0.132,34,0.667,17.5,4.22,17.14,3.81,-0.08,0.318,-3.03,0.03
노시환      ,한화  ,107,458,380,103,66,18,1,18,9,1,4,4,15,2,56,84,73,107,5,0,0.271,0.386,0.466,0.852,0.38,3.56,15.9,23.4,0.68,0.195,21.11,0.852,69.49,6.3,73.8,2.37,0.02,0.38,17.48,3.56
김규남      ,SSG   ,4,7,7,0,0,0,0,0,0,0,0,0,0,0,0,0,0,3,0,0,0,0,0,0,0,-0.22,0,42.9,0,0,,0,0,0,-1.3,,0,0,-2.16,-0.22
노태형      ,한화  ,18,49,43,5,4,1,0,0,0,0,0,0,0,0,6,1,6,15,0,0,0.116,0.224,0.14,0.364,0.196,-0.6,12.2,30.6,0.4,0.024,,0.364,1.7,1.21,-0.34,4.54,0,0.196,-6.37,-0.6
유장혁      ,한화  ,34,112,98,14,8,5,0,1,0,2,2,3,2,1,11,7,8,39,2,0,0.143,0.218,0.224,0.442,0.213,-0.96,7.1,34.8,0.2,0.081,98,0.442,5.25,1.58,0.96,4.52,-0.07,0.213,-12.81,-0.96
김준태      ,롯데  ,47,131,111,23,14,5,0,4,0,1,2,2,2,0,17,15,17,35,0,0,0.207,0.313,0.36,0.673,0.313,0.44,13,26.7,0.49,0.153,27.75,0.673,13.71,4.02,13.09,2.56,-0.01,0.313,-3.02,0.44
이현석      ,SSG   ,39,89,79,21,12,5,0,4,0,0,2,5,0,0,7,19,5,29,0,0,0.266,0.302,0.481,0.783,0.338,0.54,5.6,32.6,0.17,0.215,19.75,0.783,12.27,5.26,10.93,2.5,-0.01,0.338,-0.02,0.54
추신수      ,SSG   ,137,580,461,122,80,19,2,21,4,12,4,4,8,9,84,69,103,123,25,0,0.265,0.409,0.451,0.86,0.396,4.3,17.8,21.2,0.84,0.186,21.95,0.86,95.69,7.18,101.83,5.33,0.76,0.396,30.5,4.3
안상현      ,SSG   ,37,40,39,10,7,2,0,1,0,0,0,0,0,1,9,4,1,15,3,0,0.256,0.275,0.385,0.66,0.292,-0.01,2.5,37.5,0.07,0.129,39,0.66,4.21,3.79,3.25,8.3,0.13,0.292,-1.67,-0.01
박경수      ,KT    ,118,280,239,46,27,10,0,9,2,3,0,4,7,1,24,33,34,76,0,0,0.192,0.301,0.347,0.648,0.3,-0.01,12.1,27.1,0.45,0.155,26.56,0.648,25.23,3.32,24.74,1.28,-0.49,0.3,-9.69,-0.01
임종찬      ,한화  ,42,146,131,20,14,5,0,1,0,1,0,2,2,1,9,8,12,49,0,0,0.153,0.229,0.214,0.443,0.217,-1.47,8.2,33.6,0.24,0.061,131,0.443,6.66,1.55,1.8,2.5,-0.47,0.217,-16.16,-1.47
나지완      ,KIA   ,31,102,81,13,12,1,0,0,0,6,1,1,3,0,3,7,14,29,0,0,0.16,0.324,0.173,0.497,0.273,-0.41,13.7,28.4,0.48,0.013,,0.497,5.9,2.21,6.51,0.22,-0.01,0.273,-6.04,-0.41
이주형      ,LG    ,14,19,16,2,2,0,0,0,0,1,0,1,0,1,3,0,1,7,2,0,0.125,0.222,0.125,0.347,0.189,-0.25,5.3,36.8,0.14,0,,0.347,0.64,1.08,-0.25,12.07,-0.06,0.189,-2.58,-0.25
오준혁      ,SSG   ,26,50,46,10,6,2,0,2,0,0,0,0,2,0,7,5,4,15,0,0,0.217,0.28,0.391,0.671,0.301,-0.1,8,30,0.27,0.174,23,0.671,4.57,3.25,4.47,1.14,0,0.301,-1.68,-0.1
김주원      ,NC    ,69,189,166,40,27,7,1,5,0,2,2,4,5,2,20,16,17,57,6,0,0.241,0.316,0.386,0.702,0.319,0.6,9,30.2,0.3,0.145,33.2,0.702,20.47,4.03,20.04,4.23,0.26,0.319,-3.2,0.6
김휘집      ,Hero  ,34,89,70,9,7,1,0,1,0,2,1,4,0,0,9,8,13,23,1,0,0.129,0.279,0.186,0.465,0.248,-0.4,14.6,25.8,0.56,0.057,70,0.465,5.34,2.22,3.61,4.81,0.19,0.248,-7.34,-0.4
김호령      ,KIA   ,62,154,130,27,21,2,0,4,0,6,0,2,2,1,16,15,16,44,4,0,0.208,0.322,0.315,0.637,0.308,0.21,10.4,28.6,0.36,0.107,32.5,0.637,14.89,3.72,14.7,4.25,0.32,0.308,-4.24,0.21
김재환      ,두산  ,137,566,475,130,78,23,2,27,3,5,5,5,9,3,86,102,81,127,2,0,0.274,0.382,0.501,0.883,0.393,4.26,14.3,22.4,0.64,0.227,17.59,0.883,94.97,7.08,97.84,3.45,-1.05,0.393,28.24,4.26
장두성      ,롯데  ,43,41,36,8,5,2,1,0,0,0,0,0,0,2,12,4,5,12,4,0,0.222,0.317,0.333,0.65,0.306,0.01,12.2,29.3,0.42,0.111,,0.65,4.13,3.72,3.84,13.25,-0.13,0.306,-1.21,0.01
조수행      ,두산  ,115,104,84,24,20,2,1,1,0,3,0,1,1,4,34,8,16,26,21,0,0.286,0.417,0.369,0.786,0.38,1.01,15.4,25,0.62,0.083,84,0.786,17.31,7.08,16.8,11.02,2.33,0.38,4.01,1.01
문찬종      ,Hero  ,13,17,14,2,2,0,0,0,0,0,0,0,1,0,0,1,3,4,0,0,0.143,0.294,0.143,0.437,0.245,-0.09,17.6,23.5,0.75,0,,0.437,0.65,1.35,0.64,-2.19,0,0.245,-1.45,-0.09
김주현      ,롯데  ,8,17,16,4,4,0,0,0,0,0,0,0,0,0,1,0,1,6,0,0,0.25,0.294,0.25,0.544,0.262,-0.1,5.9,35.3,0.17,0,,0.544,1.25,2.81,0.91,2.81,0,0.262,-1.18,-0.1
정민규      ,한화  ,6,17,16,2,1,1,0,0,0,0,0,0,1,0,1,0,1,6,0,0,0.125,0.176,0.188,0.364,0.174,-0.23,5.9,35.3,0.17,0.063,,0.364,0.38,0.68,-0.46,-0.52,0,0.174,-2.55,-0.23
손성빈      ,롯데  ,20,22,19,6,6,0,0,0,0,0,0,0,0,0,4,0,3,6,0,0,0.316,0.409,0.316,0.725,0.356,0.15,13.6,27.3,0.5,0,,0.725,2.77,5.75,3.07,4.04,0,0.356,0.36,0.15
남태혁      ,SSG   ,12,22,20,6,4,1,0,1,0,1,0,0,1,0,2,4,1,7,0,0,0.3,0.364,0.5,0.864,0.385,0.14,4.6,31.8,0.14,0.2,20,0.864,3.35,6.03,3.64,-0.52,0,0.385,0.94,0.14
강상원      ,한화  ,35,49,37,4,4,0,0,0,0,1,0,2,0,0,7,2,9,11,3,0,0.108,0.298,0.108,0.406,0.243,-0.25,18.4,22.4,0.82,0,,0.406,2.63,2.03,1.79,6.74,0.59,0.243,-4.24,-0.25
문상철      ,KT    ,53,106,96,21,13,6,0,2,0,2,0,0,1,0,14,16,8,33,2,0,0.219,0.292,0.344,0.636,0.294,-0.26,7.6,31.1,0.24,0.125,48,0.636,10.37,3.68,8.82,4.91,0.39,0.294,-4.22,-0.26
김웅빈      ,Hero  ,97,279,232,56,36,13,1,6,2,9,2,4,2,1,24,35,34,73,1,0,0.241,0.357,0.384,0.741,0.344,1.02,12.2,26.2,0.47,0.143,38.67,0.741,35.29,5.21,35.9,3.7,-0.29,0.344,1.59,1.02
박준영      ,NC    ,111,315,273,57,40,7,2,8,0,10,2,5,9,3,37,31,27,92,4,0,0.209,0.301,0.337,0.638,0.299,0.12,8.6,29.2,0.29,0.128,34.13,0.638,27.77,3.22,27.42,4.23,-0.62,0.299,-11.32,0.12
지시완      ,롯데  ,73,187,166,40,24,9,0,7,0,5,0,2,6,0,23,26,14,54,0,0,0.241,0.319,0.422,0.741,0.335,1.05,7.5,28.9,0.26,0.181,23.71,0.741,21.53,4.34,22.43,1.43,-0.02,0.335,-0.57,1.05
김석환      ,KIA   ,5,20,19,5,4,0,0,1,0,1,0,0,0,0,1,3,0,7,0,0,0.263,0.3,0.421,0.721,0.321,-0.01,0,35,0,0.158,19,0.721,2.48,4.78,2.15,1.81,0,0.321,-0.3,-0.01
전민재      ,두산  ,9,5,4,1,1,0,0,0,0,0,1,1,0,0,1,1,0,2,0,0,0.25,0.2,0.25,0.45,0.184,-0.06,0,40,0,0,,0.45,0.34,2.3,-0.09,6.81,0,0.184,-0.7,-0.06
이성열      ,한화  ,46,140,119,25,15,8,0,2,0,1,2,2,2,0,15,20,18,36,1,0,0.21,0.314,0.328,0.642,0.304,-0.34,12.9,25.7,0.5,0.118,59.5,0.642,13.77,3.79,12.83,3.23,0.19,0.304,-4.38,-0.34
이원석      ,한화  ,43,130,114,20,17,1,1,1,0,2,2,6,1,2,12,9,8,43,4,0,0.175,0.238,0.228,0.466,0.224,-0.96,6.2,33.1,0.19,0.053,114,0.466,7.13,1.87,2.41,6.66,-0.14,0.224,-13.58,-0.96
이영빈      ,LG    ,71,168,148,36,25,9,0,2,0,3,2,3,1,3,21,16,14,51,6,0,0.243,0.317,0.345,0.662,0.308,-0.09,8.3,30.4,0.28,0.102,74,0.662,17.62,4,16.07,5.36,-0.2,0.308,-4.59,-0.09
최정        ,SSG   ,134,555,436,121,68,17,1,35,3,22,12,13,9,6,92,100,84,102,8,0,0.278,0.41,0.562,0.972,0.425,6.83,15.1,18.4,0.82,0.284,12.46,0.972,108.03,8.5,112.36,4.11,-1.24,0.425,44.11,6.83
이성곤      ,한화  ,60,206,172,46,31,12,2,1,0,3,1,2,4,3,17,24,29,52,0,0,0.267,0.38,0.378,0.758,0.358,0.51,14.1,25.2,0.56,0.111,172,0.758,25.68,5.14,29.19,3.39,-1.41,0.358,3.85,0.51
오윤석      ,롯데  ,33,76,69,16,7,7,0,2,1,0,0,0,2,0,9,5,7,21,2,0,0.232,0.303,0.42,0.723,0.318,0.04,9.2,27.6,0.33,0.188,34.5,0.723,8.73,4.29,7.94,3.45,0.39,0.318,-1.41,0.04
오윤석      ,KT    ,64,122,95,24,18,4,0,2,0,2,0,5,2,0,14,12,20,26,2,0,0.253,0.393,0.358,0.751,0.364,0.67,16.4,21.3,0.77,0.105,47.5,0.751,15.64,5.41,17.88,3.27,0.38,0.364,2.87,0.67
박동원      ,Hero  ,131,481,413,103,60,21,0,22,0,7,3,8,12,0,61,83,53,114,2,0,0.249,0.342,0.46,0.802,0.36,2.84,11,23.7,0.46,0.211,18.77,0.802,66.25,5.42,68.78,2.49,0.35,0.36,9.63,2.84
이재원      ,LG    ,62,171,154,38,27,6,0,5,0,2,1,1,2,1,22,17,14,48,5,0,0.247,0.316,0.383,0.699,0.319,0.14,8.2,28.1,0.29,0.136,30.8,0.699,19.81,4.46,18.11,4.73,0.52,0.319,-2.92,0.14
오재일      ,삼성  ,120,484,418,119,74,20,0,25,8,0,8,8,5,0,64,97,58,106,1,0,0.285,0.366,0.512,0.878,0.38,2.77,12,21.9,0.55,0.227,16.72,0.878,82.45,7.14,78.15,3.01,0.15,0.38,18.62,2.77
박석민      ,NC    ,59,205,171,44,26,8,0,10,1,2,2,5,8,0,27,41,27,43,0,0,0.257,0.361,0.48,0.841,0.375,1.48,13.2,21,0.63,0.223,17.1,0.841,29.18,5.63,32.07,0.57,-0.02,0.375,6.86,1.48
백용환      ,한화  ,36,95,81,12,7,1,0,4,0,3,0,2,4,0,10,4,9,24,0,0,0.148,0.258,0.309,0.567,0.268,-0.24,9.5,25.3,0.38,0.161,20.25,0.567,6.14,2.21,5.57,0.94,-0.01,0.268,-6.11,-0.24
이형종      ,LG    ,90,281,239,52,31,11,0,10,1,7,0,1,10,1,32,34,34,65,3,0,0.218,0.332,0.389,0.721,0.334,0.44,12.1,23.1,0.52,0.171,23.9,0.721,30.78,4.18,33.4,2.14,0.11,0.334,-1.15,0.44
한승택      ,KIA   ,82,239,203,44,34,7,0,3,0,3,0,4,6,0,17,16,28,61,0,0,0.217,0.321,0.296,0.617,0.299,0.54,11.7,25.5,0.46,0.079,67.67,0.617,20.33,3.25,20.91,1.15,-0.03,0.299,-8.48,0.54
한석현      ,LG    ,16,26,21,6,3,2,1,0,0,1,1,1,1,0,5,1,3,7,2,0,0.286,0.385,0.476,0.861,0.382,0.22,11.5,26.9,0.43,0.19,,0.861,4.37,6.94,4.25,11.26,0.4,0.382,1.05,0.22
최정용      ,KIA   ,53,65,52,10,9,1,0,0,0,0,1,4,1,0,7,2,9,16,2,0,0.192,0.306,0.212,0.518,0.266,-0.17,13.8,24.6,0.56,0.02,,0.518,4.63,2.66,3.73,4.01,0.39,0.266,-4.27,-0.17
나승엽      ,롯데  ,60,128,113,23,19,2,0,2,0,0,1,1,1,0,16,10,14,33,1,0,0.204,0.289,0.274,0.563,0.271,-0.48,10.9,25.8,0.42,0.07,56.5,0.563,10.1,2.96,7.96,4.08,0.19,0.271,-7.78,-0.48
로맥        ,SSG   ,107,421,355,80,49,11,0,20,1,4,3,3,9,0,55,52,59,82,1,0,0.225,0.34,0.425,0.765,0.348,1.12,14,19.5,0.72,0.2,17.75,0.765,53.97,5.08,55.65,2.48,0.15,0.348,3.88,1.12
김민하      ,한화  ,46,142,115,24,18,4,1,1,0,8,2,2,3,3,14,17,17,36,6,0,0.209,0.345,0.287,0.632,0.314,-0.03,12,25.4,0.47,0.078,115,0.632,13.35,3.64,14.34,5.43,-0.2,0.314,-3.13,-0.03
이정범      ,SSG   ,19,66,59,15,8,4,0,3,0,0,0,0,1,0,8,9,7,15,0,0,0.254,0.333,0.475,0.808,0.359,0.3,10.6,22.7,0.47,0.221,19.67,0.808,9.49,5.69,9.39,2.15,-0.01,0.359,1.27,0.3
양석환      ,두산  ,133,546,488,133,83,22,0,28,2,9,7,7,10,3,66,96,42,136,2,0,0.273,0.337,0.49,0.827,0.362,2.06,7.7,24.9,0.31,0.217,17.43,0.827,80.42,5.79,79.17,2.49,-1.04,0.362,12.02,2.06
보어        ,LG    ,32,117,100,17,12,2,0,3,0,3,3,3,2,0,7,17,11,30,0,0,0.17,0.265,0.28,0.545,0.259,-0.74,9.4,25.6,0.37,0.11,33.33,0.545,8.4,2.58,5.97,1.53,-0.01,0.259,-8.42,-0.74
김기환      ,NC    ,62,149,140,29,17,7,2,3,0,0,0,1,1,3,19,13,8,45,15,0,0.207,0.25,0.35,0.6,0.268,-0.52,5.4,30.2,0.18,0.143,46.67,0.6,13.16,3.06,8.77,9.5,1.6,0.268,-9.55,-0.52
나주환      ,KIA   ,19,32,31,5,5,0,0,0,0,0,1,1,2,0,0,3,0,12,0,0,0.161,0.156,0.161,0.317,0.143,-0.5,0,37.5,0,0,,0.317,0.55,0.51,-1.74,-2.4,0,0.143,-5.68,-0.5
김민수      ,롯데  ,82,224,199,48,33,11,1,3,0,3,1,4,4,0,19,25,18,62,0,0,0.241,0.312,0.352,0.664,0.307,0.11,8,27.7,0.29,0.111,66.33,0.664,22.55,3.83,21.28,2.7,-0.02,0.307,-6.27,0.11
신민재      ,LG    ,32,27,23,3,3,0,0,0,0,0,0,0,0,1,8,2,4,6,2,0,0.13,0.259,0.13,0.389,0.217,-0.23,14.8,22.2,0.67,0,,0.389,1.13,1.45,0.33,9.68,-0.06,0.217,-2.99,-0.23
최민재      ,롯데  ,21,27,25,2,1,1,0,0,0,0,0,0,1,0,2,2,2,8,2,0,0.08,0.148,0.12,0.268,0.138,-0.41,7.4,29.6,0.25,0.04,,0.268,0.51,0.57,-1.6,4.8,0.4,0.138,-4.93,-0.41
김태연      ,한화  ,53,220,176,53,38,12,0,3,0,5,5,5,4,3,29,34,34,44,5,0,0.301,0.418,0.42,0.838,0.392,1.83,15.4,20,0.77,0.119,58.67,0.838,34.73,6.95,37.85,3.56,-0.42,0.392,10.8,1.83
노수광      ,한화  ,52,180,160,37,27,7,0,3,0,1,0,2,1,1,21,14,17,46,13,0,0.231,0.309,0.331,0.64,0.3,0.22,9.4,25.6,0.37,0.1,53.33,0.64,19.28,4.1,15.95,6.18,2.11,0.3,-6.18,0.22
유민상      ,KIA   ,24,74,60,14,11,2,0,1,0,6,0,0,1,0,7,6,8,18,0,0,0.233,0.378,0.317,0.695,0.345,0.17,10.8,24.3,0.44,0.084,60,0.695,8.26,4.75,9.56,2.84,-0.01,0.345,0.46,0.17
노진혁      ,NC    ,107,384,330,95,65,22,0,8,0,5,3,7,3,1,41,58,42,90,1,0,0.288,0.374,0.427,0.801,0.367,2.82,10.9,23.4,0.47,0.139,41.25,0.801,56.68,6.22,57.52,3.07,-0.31,0.367,10.3,2.82
나성범      ,NC    ,144,623,570,160,97,29,1,33,2,11,4,4,5,2,96,101,38,155,1,0,0.281,0.335,0.509,0.844,0.368,3.19,6.1,24.9,0.24,0.228,17.27,0.844,98.87,6.34,93.67,3.92,-0.78,0.368,17.06,3.19
한유섬      ,SSG   ,135,519,442,123,73,18,1,31,4,10,6,7,11,0,71,95,60,96,1,0,0.278,0.373,0.534,0.907,0.396,4.14,11.6,18.5,0.62,0.256,14.26,0.907,90.29,7.23,91.15,2.71,0.14,0.396,27.33,4.14
문보경      ,LG    ,107,329,278,64,44,11,1,8,1,0,2,5,5,1,37,39,46,64,3,0,0.23,0.337,0.363,0.7,0.327,0.51,14,19.4,0.72,0.133,34.75,0.7,37.04,4.44,37.25,3.84,0.1,0.327,-3.21,0.51
이정훈      ,KIA   ,41,151,129,32,24,6,0,2,0,3,0,0,3,0,14,14,19,33,0,0,0.248,0.358,0.341,0.699,0.335,0.2,12.6,21.8,0.58,0.093,64.5,0.699,16.79,4.53,18.18,1.84,-0.02,0.335,-0.39,0.2
김용의      ,LG    ,102,42,27,4,2,2,0,0,0,0,1,5,1,0,19,2,10,5,6,0,0.148,0.368,0.222,0.59,0.318,0.07,23.8,11.9,2,0.074,,0.59,4.49,4.18,4.42,9.86,1.19,0.318,-0.75,0.07
최보성      ,NC    ,10,14,12,3,3,0,0,0,0,1,0,1,0,1,0,1,0,5,0,0,0.25,0.308,0.25,0.558,0.273,-0.08,0,35.7,0,0,,0.558,0.81,1.99,0.89,3.03,-0.46,0.273,-0.83,-0.08
권희동      ,NC    ,55,171,133,35,24,3,0,8,1,5,3,4,4,0,25,26,29,24,2,0,0.263,0.406,0.466,0.872,0.397,1.46,17,14,1.21,0.203,16.63,0.872,28.11,7.16,30.29,2.97,0.37,0.397,9.26,1.46
정은원      ,한화  ,139,608,495,140,107,22,5,6,1,1,3,7,9,11,85,39,105,105,19,0,0.283,0.407,0.384,0.791,0.376,4.41,17.3,17.3,1,0.101,82.5,0.791,85.95,6.08,95.97,5.58,-1.37,0.376,21.2,4.41
배정대      ,KT    ,144,595,510,132,96,23,1,12,2,12,5,8,9,7,85,68,65,132,19,0,0.259,0.353,0.378,0.731,0.34,2.55,10.9,22.2,0.49,0.119,42.5,0.731,73.71,4.95,74.19,5.3,0.49,0.34,1.02,2.55
안중열      ,롯데  ,58,157,125,29,21,5,0,3,0,1,1,4,1,0,19,16,27,25,0,0,0.232,0.37,0.344,0.714,0.345,1.04,17.2,15.9,1.08,0.112,41.67,0.714,18.74,5.01,20.35,2.94,-0.02,0.345,1.05,1.04
한동희      ,롯데  ,129,496,424,113,72,24,0,17,1,6,4,5,21,1,54,69,61,95,0,0,0.267,0.364,0.443,0.807,0.366,3.32,12.3,19.2,0.64,0.176,24.94,0.807,66.31,5.3,73.8,0.38,-0.52,0.366,12.81,3.32
민병헌      ,롯데  ,14,49,42,8,5,3,0,0,0,0,0,1,2,1,5,2,6,11,0,0,0.19,0.292,0.262,0.554,0.271,-0.18,12.2,22.4,0.54,0.072,,0.554,2.94,2.09,3.04,1.67,-0.47,0.271,-2.98,-0.18
박정현      ,한화  ,33,120,107,21,17,4,0,0,0,0,1,4,1,0,10,9,9,32,1,0,0.196,0.256,0.234,0.49,0.236,-0.74,7.5,26.7,0.28,0.038,,0.49,7.3,2.17,3.6,3.79,0.19,0.236,-11.16,-0.74
전민수      ,NC    ,71,109,98,25,19,3,0,3,1,0,0,0,2,0,12,16,11,23,0,0,0.255,0.33,0.378,0.708,0.323,0.11,10.1,21.1,0.48,0.123,32.67,0.708,12.35,4.45,11.89,2.11,-0.01,0.323,-1.51,0.11
강한울      ,삼성  ,124,258,223,58,53,5,0,0,0,0,3,6,5,2,25,27,29,58,2,0,0.26,0.341,0.283,0.624,0.304,0.15,11.2,22.5,0.5,0.023,,0.624,23.37,3.54,23.64,2.77,-0.56,0.304,-8.08,0.15
라모스      ,LG    ,51,205,185,45,29,7,1,8,0,2,0,0,2,0,14,25,18,43,0,0,0.243,0.317,0.422,0.739,0.333,0.2,8.8,21,0.42,0.179,23.13,0.739,25.57,4.86,24.24,2.53,-0.02,0.333,-0.97,0.2
장승현      ,두산  ,92,211,177,41,29,10,0,2,0,8,1,7,2,0,18,27,19,50,0,0,0.232,0.332,0.322,0.654,0.313,0.74,9,23.7,0.38,0.09,88.5,0.654,21.23,3.95,21.17,2.77,-0.02,0.313,-4.78,0.74
장운호      ,한화  ,102,338,285,67,57,10,0,0,0,7,3,10,7,6,36,28,36,77,3,0,0.235,0.332,0.27,0.602,0.297,-0.68,10.6,22.8,0.47,0.035,,0.602,27.45,3.08,28.97,2.99,-2.21,0.297,-12.6,-0.68
김준태      ,KT    ,11,18,17,2,2,0,0,0,0,0,0,0,1,0,0,0,1,5,0,0,0.118,0.167,0.118,0.285,0.145,0.01,5.6,27.8,0.2,0,,0.285,0.25,0.42,-0.96,-1.52,0,0.145,-3.17,0.01
김은성      ,Hero  ,6,18,18,5,2,3,0,0,0,0,0,0,0,0,1,2,0,6,0,0,0.278,0.278,0.444,0.722,0.312,-0.01,0,33.3,0,0.166,,0.722,2.22,4.61,1.79,2.81,0,0.312,-0.42,-0.01
장규현      ,한화  ,7,12,12,3,2,1,0,0,0,0,0,0,1,0,0,1,0,4,0,0,0.25,0.25,0.333,0.583,0.258,-0.05,0,33.3,0,0.083,,0.583,0.67,1.81,0.6,-3.19,0,0.258,-0.87,-0.05
오명진      ,두산  ,2,3,3,0,0,0,0,0,0,0,0,0,0,0,1,0,0,1,0,0,0,0,0,0,0,-0.09,0,33.3,0,0,,0,0,0,-0.56,,0,0,-0.93,-0.09
권혁경      ,KIA   ,5,18,18,4,4,0,0,0,0,0,0,0,2,0,1,0,0,6,0,0,0.222,0.222,0.222,0.444,0.204,-0.13,0,33.3,0,0,,0.444,0.44,0.74,0.01,-3.6,0,0.204,-2.2,-0.13
모창민      ,NC    ,3,6,5,0,0,0,0,0,0,0,0,0,0,1,0,0,1,1,0,0,0,0.167,0,0.167,0.129,-0.17,16.7,16.7,1,0,,0.167,0,0,-0.41,4.46,-0.46,0.129,-1.14,-0.17
김현민      ,한화  ,5,12,12,1,1,0,0,0,0,0,0,0,0,0,0,0,0,4,0,0,0.083,0.083,0.083,0.166,0.077,-0.29,0,33.3,0,0,,0.166,0.08,0.2,-1.39,1.81,0,0.077,-2.86,-0.29
김인태      ,두산  ,133,418,344,89,65,15,1,8,0,3,4,9,10,2,51,46,62,68,0,0,0.259,0.373,0.378,0.751,0.354,1.58,14.8,16.3,0.91,0.119,43,0.751,51.71,5.06,57.54,2.2,-0.98,0.354,6.14,1.58
신본기      ,KT    ,96,206,174,41,32,8,0,1,0,4,1,6,6,2,25,19,22,45,1,0,0.236,0.333,0.299,0.632,0.307,0.14,10.7,21.8,0.49,0.063,174,0.632,17.93,3.29,19.44,2.54,-0.75,0.307,-5.9,0.14
하주석      ,한화  ,138,594,525,143,103,27,3,10,1,10,3,8,9,6,84,68,51,135,23,0,0.272,0.346,0.392,0.738,0.339,2.67,8.6,22.7,0.38,0.12,52.5,0.738,75.75,5.05,73.77,6.17,1.75,0.339,0.73,2.67
최주환      ,SSG   ,116,470,406,104,70,16,0,18,4,9,2,2,7,1,50,67,53,84,2,0,0.256,0.353,0.429,0.782,0.354,2.17,11.3,17.9,0.63,0.173,22.56,0.782,64.34,5.57,64.55,2.89,-0.12,0.354,6.75,2.17
최형우      ,KIA   ,104,446,373,87,59,15,1,12,10,4,2,2,9,0,52,55,67,67,0,0,0.233,0.354,0.375,0.729,0.334,0.19,15,15,1,0.142,31.08,0.729,52.53,4.78,53.1,2.49,-0.05,0.334,-1.74,0.19
송준석      ,삼성  ,19,55,51,12,8,2,0,2,0,1,0,0,1,0,5,4,3,13,0,0,0.235,0.291,0.392,0.683,0.307,-0.05,5.4,23.6,0.23,0.157,25.5,0.683,5.74,3.87,5.23,1.95,-0.01,0.307,-1.54,-0.05
김강민      ,SSG   ,122,260,223,53,32,12,1,8,1,6,3,6,3,3,43,27,25,52,3,0,0.238,0.327,0.408,0.735,0.332,0.81,9.6,20,0.48,0.17,27.88,0.735,31.15,4.62,30.65,5.49,-0.81,0.332,-1.33,0.81
허정협      ,Hero  ,29,52,45,7,7,0,0,0,0,0,0,0,1,0,5,2,7,10,0,0,0.156,0.269,0.156,0.425,0.228,-0.44,13.5,19.2,0.7,0,,0.425,2.21,1.53,1.17,2.46,-0.01,0.228,-5.23,-0.44
강백호      ,KT    ,142,628,516,179,122,40,1,16,10,0,8,8,7,5,76,102,104,85,10,0,0.347,0.451,0.521,0.972,0.434,6.97,16.6,13.5,1.22,0.174,32.25,0.972,130.8,9.89,132.25,3.95,-0.4,0.434,55.02,6.97
이도윤      ,한화  ,56,68,63,11,11,0,0,0,0,0,0,1,1,2,5,2,4,18,1,0,0.175,0.224,0.175,0.399,0.197,-0.72,5.9,26.5,0.22,0,,0.399,2.31,1.11,-0.39,3.76,-0.73,0.197,-8.75,-0.72
홍창기      ,LG    ,144,651,524,172,140,26,2,4,4,16,2,2,6,8,103,52,109,95,23,0,0.328,0.456,0.408,0.864,0.412,7.1,16.7,14.6,1.15,0.08,131,0.864,112.46,8.25,123.73,5.65,0.79,0.412,43.67,7.1
김찬형      ,SSG   ,71,135,110,22,14,6,0,2,0,3,0,8,1,0,18,6,14,27,0,0,0.2,0.307,0.309,0.616,0.296,0.02,10.4,20,0.52,0.109,55,0.616,11.99,3.34,11.4,3.9,-0.01,0.296,-5.21,0.02
이창진      ,KIA   ,105,293,249,52,40,8,1,3,0,1,3,7,10,0,35,33,36,54,5,0,0.209,0.308,0.285,0.593,0.287,-0.26,12.3,18.4,0.67,0.076,83,0.593,23.6,2.98,22.38,3.84,0.96,0.287,-13.65,-0.26
안재석      ,두산  ,96,224,200,51,39,8,2,2,0,4,4,4,4,0,28,14,16,53,1,0,0.255,0.317,0.345,0.662,0.306,0.34,7.1,23.7,0.3,0.09,100,0.662,23.18,3.99,20.95,4.88,0.17,0.306,-6.6,0.34
알몬테      ,KT    ,60,250,225,61,45,9,0,7,0,1,2,2,9,0,18,36,22,50,1,0,0.271,0.336,0.404,0.74,0.337,0.43,8.8,20,0.44,0.133,32.14,0.74,29.64,4.57,30.51,1.04,0.17,0.337,-0.24,0.43
박민        ,KIA   ,18,38,35,6,5,1,0,0,0,1,0,0,1,1,3,3,2,10,0,0,0.171,0.237,0.2,0.437,0.216,-0.32,5.3,26.3,0.2,0.029,,0.437,1.43,1.25,0.43,3.15,-0.46,0.216,-4.25,-0.32
이흥련      ,SSG   ,90,146,127,30,24,3,0,3,0,5,0,2,4,0,15,14,12,31,0,0,0.236,0.326,0.331,0.657,0.312,0.51,8.2,21.2,0.39,0.095,42.33,0.657,13.98,3.66,14.51,1.86,-0.02,0.312,-3.44,0.51
최재훈      ,한화  ,116,467,375,103,75,21,0,7,2,12,3,8,16,2,52,44,72,68,3,0,0.275,0.405,0.387,0.792,0.376,4.15,15.4,14.6,1.06,0.112,53.57,0.792,62.42,5.66,73.45,1.94,-0.39,0.376,16.02,4.15
강승호      ,두산  ,113,340,301,72,47,16,2,7,1,6,3,11,8,2,47,37,22,78,8,0,0.239,0.301,0.375,0.676,0.306,0.35,6.5,22.9,0.28,0.136,43,0.676,34.49,3.72,31.78,5.68,0.64,0.306,-10.03,0.35
장성우      ,KT    ,127,460,385,89,62,13,0,14,3,3,3,12,16,2,46,63,60,69,1,0,0.231,0.337,0.374,0.711,0.329,1.87,13,15,0.87,0.143,27.5,0.711,48.6,4.03,52.72,1.27,-0.77,0.329,-3.85,1.87
예진원      ,Hero  ,52,132,114,18,10,6,1,1,0,2,1,4,2,1,16,8,12,28,0,0,0.158,0.248,0.254,0.502,0.241,-0.9,9.1,21.2,0.43,0.096,114,0.502,7.68,2.01,4.59,5.2,-0.47,0.241,-11.64,-0.9
이원석      ,삼성  ,131,480,399,92,64,19,0,9,2,11,8,10,11,0,40,59,60,80,1,0,0.231,0.341,0.346,0.687,0.324,1.01,12.5,16.7,0.75,0.115,44.33,0.687,51.65,4.25,52.69,2.12,0.14,0.324,-6.34,1.01
정의윤      ,SSG   ,62,178,165,38,29,2,0,7,1,0,2,2,5,1,21,24,11,37,0,0,0.23,0.275,0.37,0.645,0.286,-0.61,6.2,20.8,0.3,0.14,23.57,0.645,15.69,3.14,13.46,2.11,-0.48,0.286,-8.43,-0.61
김민식      ,KIA   ,100,301,250,55,44,8,0,3,1,4,3,6,2,0,30,26,41,49,0,0,0.22,0.336,0.288,0.624,0.305,0.71,13.6,16.3,0.84,0.068,83.33,0.624,28.41,3.78,27.89,2.94,-0.04,0.305,-9.13,0.71
조용호      ,KT    ,138,515,428,101,86,14,1,0,0,3,5,10,8,9,71,48,74,85,12,0,0.236,0.349,0.273,0.622,0.31,-0.35,14.4,16.5,0.87,0.037,,0.622,46.77,3.57,49.95,4.69,-1.82,0.31,-13.38,-0.35
윤형준      ,NC    ,51,81,74,22,17,0,0,5,0,0,1,4,2,1,10,10,3,17,0,0,0.297,0.321,0.5,0.821,0.356,0.26,3.7,21,0.18,0.203,14.8,0.821,10.83,4.96,11.27,1.95,-0.47,0.356,1.31,0.26
강경학      ,KIA   ,13,13,11,2,2,0,0,0,0,1,0,0,0,0,2,1,1,3,0,0,0.182,0.308,0.182,0.49,0.262,-0.03,7.7,23.1,0.33,0,,0.49,0.78,2.34,0.69,6.81,0,0.262,-0.91,-0.03
김건형      ,KT    ,11,39,33,7,6,1,0,0,1,0,0,0,0,0,4,0,6,6,1,0,0.212,0.333,0.242,0.575,0.28,-0.11,15.4,15.4,1,0.03,,0.575,3.27,3.4,2.73,4.63,0.19,0.28,-2.06,-0.11
정훈        ,롯데  ,135,561,486,142,100,27,1,14,8,3,3,4,6,1,70,79,68,89,8,0,0.292,0.38,0.438,0.818,0.369,2.87,12.1,15.9,0.76,0.146,34.71,0.818,86.63,6.59,84.91,4.67,1.07,0.369,15.92,2.87
정범모      ,NC    ,19,23,19,4,2,1,0,1,0,1,0,1,2,0,2,5,2,4,0,0,0.211,0.318,0.421,0.739,0.336,0.13,8.7,17.4,0.5,0.21,19,0.739,2.02,3.03,2.79,-2.65,0,0.336,-0.04,0.13
허도환      ,KT    ,62,125,105,29,21,6,0,2,0,2,0,10,3,0,8,21,8,28,0,0,0.276,0.339,0.39,0.729,0.335,0.7,6.4,22.4,0.29,0.114,52.5,0.729,14.05,4.26,15.05,1.12,-0.01,0.335,-0.32,0.7
박계범      ,두산  ,118,385,322,86,68,12,1,5,0,9,3,10,8,3,44,46,44,68,4,0,0.267,0.368,0.357,0.725,0.344,1.88,11.4,17.7,0.65,0.09,64.4,0.725,45.4,4.77,49.54,3.58,-0.64,0.344,2.19,1.88
오재원      ,두산  ,45,79,72,12,9,3,0,0,0,0,1,1,3,0,6,5,6,18,2,0,0.167,0.228,0.208,0.436,0.211,-0.68,7.6,22.8,0.33,0.041,,0.436,3.5,1.48,0.58,2.81,0.39,0.211,-9.13,-0.68
호잉        ,KT    ,68,294,259,62,39,11,1,11,2,4,5,5,2,2,32,52,26,52,5,0,0.239,0.313,0.417,0.73,0.324,0.32,8.8,17.7,0.5,0.178,23.55,0.73,36.22,4.75,32.37,4.89,0.05,0.324,-3.79,0.32
힐리        ,한화  ,67,268,249,64,45,11,1,7,0,2,1,1,6,1,27,37,16,58,2,0,0.257,0.306,0.394,0.7,0.315,-0.22,6,21.6,0.28,0.137,35.57,0.7,29.21,4.09,27.37,3.37,-0.09,0.315,-5.59,-0.22
황대인      ,KIA   ,86,308,282,67,43,10,1,13,0,2,5,6,8,0,30,45,18,62,0,0,0.238,0.283,0.418,0.701,0.308,-0.43,5.8,20.1,0.29,0.18,21.69,0.701,32.54,3.84,29.56,1.97,-0.03,0.308,-8.31,-0.43
이우성      ,KIA   ,65,100,85,17,12,5,0,0,0,0,1,2,2,1,12,4,13,17,2,0,0.2,0.303,0.259,0.562,0.277,-0.4,13,17,0.76,0.059,,0.562,7.48,2.77,6.7,3.91,-0.07,0.277,-5.59,-0.4
채은성      ,LG    ,110,448,387,107,71,20,0,16,2,16,7,7,9,2,59,82,38,80,4,0,0.276,0.359,0.452,0.811,0.364,2.04,8.5,17.9,0.48,0.176,24.19,0.811,65.24,5.91,65.72,3.58,-0.18,0.364,10.62,2.04
오태곤      ,SSG   ,122,253,235,63,44,10,0,9,0,2,1,2,4,4,47,35,14,52,9,0,0.268,0.313,0.426,0.739,0.33,0.3,5.5,20.6,0.27,0.158,26.11,0.739,30.86,4.58,29.21,5.79,-0.07,0.33,-1.9,0.3
박정우      ,KIA   ,32,61,48,9,8,1,0,0,0,2,0,1,2,2,3,4,10,8,0,0,0.188,0.35,0.208,0.558,0.299,-0.11,16.4,13.1,1.25,0.02,,0.558,3.8,2.33,5.32,1.22,-0.93,0.299,-2.18,-0.11
김재현      ,Hero  ,39,51,46,10,3,7,0,0,0,0,0,2,1,1,2,8,3,12,0,0,0.217,0.265,0.37,0.635,0.284,-0.01,5.9,23.5,0.25,0.153,,0.635,4.06,2.74,3.75,2.36,-0.46,0.284,-2.52,-0.01
페레즈      ,한화  ,59,252,224,60,39,15,1,5,0,4,7,7,4,5,26,33,17,52,4,0,0.268,0.321,0.411,0.732,0.327,0.22,6.8,20.6,0.33,0.143,44.8,0.732,29.7,4.46,28.47,4.14,-1.53,0.327,-2.52,0.22
추재현      ,롯데  ,95,300,262,66,46,15,0,5,0,7,0,5,3,3,37,26,26,57,4,0,0.252,0.336,0.366,0.702,0.328,0.58,8.7,19,0.46,0.114,52.4,0.702,33.87,4.42,34.04,4.35,-0.62,0.328,-2.86,0.58
황재균      ,KT    ,117,507,453,132,104,16,2,10,1,3,4,5,11,4,74,56,46,92,11,0,0.291,0.358,0.402,0.76,0.348,2.53,9.1,18.2,0.5,0.111,45.3,0.76,66.56,5.27,66.87,4.81,0.29,0.348,4.52,2.53
김민성      ,LG    ,121,426,360,80,50,22,0,8,2,8,5,16,7,3,35,39,42,73,3,0,0.222,0.313,0.35,0.663,0.307,0.31,9.9,17.1,0.58,0.128,45,0.663,42.03,3.71,40.21,2.95,-0.83,0.307,-12.18,0.31
박해민      ,삼성  ,127,542,454,132,104,22,1,5,2,3,7,16,3,15,78,54,69,82,36,0,0.291,0.383,0.377,0.76,0.356,3.11,12.7,15.1,0.84,0.086,90.8,0.76,74.49,5.65,75.4,6.19,0.2,0.356,8.74,3.11
변상권      ,Hero  ,72,171,159,38,29,5,4,0,0,0,3,3,2,0,19,20,9,40,0,0,0.239,0.275,0.321,0.596,0.27,-0.76,5.3,23.4,0.22,0.082,,0.596,14.6,3.13,10.37,6.52,-0.02,0.27,-10.66,-0.76
최영진      ,삼성  ,44,63,57,16,13,1,1,1,0,1,0,0,1,0,9,6,5,12,1,0,0.281,0.349,0.386,0.735,0.339,0.21,7.9,19,0.42,0.105,57,0.735,8.03,5.16,7.82,6.22,0.19,0.339,0.07,0.21
박지훈      ,두산  ,34,14,12,4,3,1,0,0,0,1,0,0,0,1,6,2,1,3,3,0,0.333,0.429,0.417,0.846,0.399,0.12,7.1,21.4,0.33,0.084,,0.846,2.53,7.59,2.5,12.34,0.14,0.399,0.77,0.12
김민수      ,NC    ,7,7,7,0,0,0,0,0,0,0,0,0,0,0,0,0,0,2,0,0,0,0,0,0,0,-0.21,0,28.6,0,0,,0,0,0,-1.3,,0,0,-2.16,-0.21
정진기      ,SSG   ,2,7,7,0,0,0,0,0,0,0,0,0,0,0,0,0,0,2,0,0,0,0,0,0,0,-0.41,0,28.6,0,0,,0,0,0,-1.3,,0,0,-2.16,-0.41
이명기      ,NC    ,56,232,191,56,42,12,0,2,0,1,0,3,2,3,30,14,37,27,6,0,0.293,0.41,0.387,0.797,0.38,1.51,16,11.6,1.37,0.094,95.5,0.797,33.97,6.41,37.47,4.37,-0.22,0.38,8.94,1.51
송우현      ,Hero  ,69,282,250,74,52,17,2,3,1,2,1,2,4,1,34,42,28,49,1,0,0.296,0.37,0.416,0.786,0.36,1.23,9.9,17.4,0.57,0.12,83.33,0.786,39.75,5.86,40.22,4.14,-0.3,0.36,5.54,1.23
정현        ,NC    ,56,120,96,22,18,3,1,0,0,4,0,6,6,1,9,7,14,20,0,0,0.229,0.351,0.281,0.632,0.315,0.16,11.7,16.7,0.7,0.052,,0.632,9.57,2.97,12.2,1.64,-0.48,0.315,-2.56,0.16
피렐라      ,삼성  ,140,621,553,158,102,25,2,29,2,8,3,3,8,6,102,97,57,89,9,0,0.286,0.359,0.495,0.854,0.378,3.16,9.2,14.3,0.64,0.209,19.07,0.854,99.87,6.54,99.16,4.94,-1.04,0.378,22.8,3.16
크레익      ,Hero  ,61,247,222,55,37,12,0,6,1,4,1,1,4,1,25,30,20,43,0,0,0.248,0.32,0.383,0.703,0.32,-0.07,8.1,17.4,0.46,0.135,37,0.703,27.46,4.29,26.35,2.53,-0.49,0.32,-4.02,-0.07
서건창      ,Hero  ,76,333,278,72,55,12,1,4,2,6,3,4,9,4,45,28,45,44,6,0,0.259,0.37,0.353,0.723,0.343,1.42,13.5,13.2,1.02,0.094,69.5,0.723,38.47,4.66,42.37,3.93,-0.69,0.343,1.42,1.42
양의지      ,NC    ,141,570,480,156,95,29,2,30,5,11,10,10,12,1,81,111,69,60,2,0,0.325,0.414,0.581,0.995,0.432,6.48,12.1,10.5,1.15,0.256,16,0.995,119.17,9.27,118.95,3.19,-0.13,0.432,48.85,6.48
최항        ,SSG   ,34,79,69,19,16,2,1,0,1,2,1,2,4,0,5,7,6,16,1,0,0.275,0.346,0.333,0.679,0.315,0.12,7.6,20.2,0.38,0.058,,0.679,7.73,3.73,8.02,2.7,0.19,0.315,-1.69,0.12
박정음      ,Hero  ,70,18,14,0,0,0,0,0,0,1,1,1,1,2,19,1,2,3,4,0,0,0.167,0,0.167,0.13,-0.36,11.1,16.7,0.67,0,,0.167,0,0,-1.2,97.66,-0.12,0.13,-3.42,-0.36
도태훈      ,NC    ,77,76,66,12,10,1,0,1,0,4,0,0,3,0,10,9,6,14,1,0,0.182,0.289,0.242,0.531,0.266,-0.24,7.9,18.4,0.43,0.06,66,0.531,4.78,2.26,4.35,3.85,0.19,0.266,-5,-0.24
김동엽      ,삼성  ,69,203,185,44,31,9,0,4,0,4,4,4,2,1,20,24,10,42,2,0,0.238,0.286,0.351,0.637,0.289,-0.64,4.9,20.7,0.24,0.113,46.25,0.637,19.62,3.58,15.8,4,-0.08,0.289,-9.16,-0.64
정주현      ,LG    ,73,214,181,43,32,7,1,3,0,0,1,9,4,3,26,10,24,32,3,0,0.238,0.325,0.337,0.662,0.312,0.24,11.2,15,0.75,0.099,60.33,0.662,20.65,3.62,21.21,4.27,-0.81,0.312,-5.11,0.24
구자욱      ,삼성  ,139,610,543,166,104,30,10,22,3,6,12,13,9,4,107,88,48,98,27,0,0.306,0.361,0.519,0.88,0.382,4.48,7.9,16.1,0.49,0.213,24.68,0.88,107.26,7.19,99.62,8.37,3.48,0.382,24.6,4.48
류지혁      ,KIA   ,92,327,273,76,66,8,0,2,1,7,3,5,7,0,37,34,42,46,0,0,0.278,0.385,0.33,0.715,0.345,1.17,12.8,14.1,0.91,0.052,136.5,0.715,38.13,4.93,42.41,2.19,-0.05,0.345,2.2,1.17
김병휘      ,Hero  ,13,11,10,2,2,0,0,0,0,0,0,0,0,0,5,0,1,2,0,0,0.2,0.273,0.2,0.473,0.237,-0.07,9.1,18.2,0.5,0,,0.473,0.62,2.09,0.34,10.15,0,0.237,-1.01,-0.07
김주형      ,Hero  ,36,70,50,9,6,3,0,0,0,13,0,3,0,0,5,5,4,15,1,0,0.18,0.388,0.24,0.628,0.338,0.38,5.7,21.4,0.27,0.06,,0.628,6.87,4.22,8.62,,0.19,0.338,0.01,0.38
오지환      ,LG    ,134,532,464,118,90,19,1,8,0,5,5,9,11,6,62,57,54,82,12,0,0.254,0.335,0.351,0.686,0.321,1.63,10.2,15.4,0.66,0.097,58,0.686,57.16,4.15,57.3,4.28,-0.43,0.321,-8.13,1.63
김찬형      ,NC    ,17,26,22,8,7,1,0,0,0,1,0,1,0,0,2,1,2,5,0,0,0.364,0.44,0.409,0.849,0.401,0.35,7.7,19.2,0.4,0.045,,0.849,4.36,7.85,4.69,2.93,0,0.401,1.5,0.35
박승규      ,삼성  ,59,78,66,12,8,1,0,3,0,2,0,1,4,1,13,5,9,9,1,0,0.182,0.299,0.333,0.632,0.299,-0.1,11.5,11.5,1,0.151,22,0.632,5.98,2.69,6.84,2.97,-0.27,0.299,-2.76,-0.1
최용제      ,두산  ,78,119,104,29,26,3,0,0,0,2,1,2,0,0,7,15,11,21,0,0,0.279,0.356,0.308,0.664,0.32,0.39,9.2,17.6,0.52,0.029,,0.664,12.93,4.53,12.68,2.74,-0.02,0.32,-1.96,0.39
박성한      ,SSG   ,135,471,407,123,97,21,1,4,0,1,2,14,1,5,53,44,49,73,12,0,0.302,0.377,0.388,0.765,0.357,3.18,10.4,15.5,0.67,0.086,101.75,0.765,65.51,5.82,65.93,5.22,0.03,0.357,8.01,3.18
송성문      ,Hero  ,66,274,245,61,44,10,1,6,0,1,1,3,2,0,30,33,25,42,0,0,0.249,0.32,0.371,0.691,0.318,0.53,9.1,15.3,0.6,0.122,40.83,0.691,30.86,4.41,28.69,3.43,-0.03,0.318,-5,0.53
정진기      ,NC    ,86,199,186,43,29,8,0,6,0,1,0,2,2,3,27,21,10,37,6,0,0.231,0.274,0.371,0.645,0.289,-0.46,5,18.6,0.27,0.14,31,0.645,18.72,3.37,15.66,5.43,-0.2,0.289,-8.81,-0.46
박찬호      ,KIA   ,131,483,418,103,82,15,5,1,0,0,3,11,11,4,51,59,54,73,9,0,0.246,0.331,0.313,0.644,0.307,0.92,11.2,15.1,0.74,0.067,418,0.644,45.87,3.63,45.67,5.16,-0.11,0.307,-13.73,0.92
김성윤      ,삼성  ,30,19,18,3,3,0,0,0,0,0,1,1,0,1,7,2,0,5,0,0,0.167,0.158,0.167,0.325,0.145,-0.36,0,26.3,0,0,,0.325,0.4,0.64,-1.01,14.92,-0.46,0.145,-3.35,-0.36
박대온      ,NC    ,42,95,85,18,17,1,0,0,0,0,2,6,0,0,4,5,4,21,0,0,0.212,0.242,0.224,0.466,0.219,-0.54,4.2,22.1,0.19,0.012,,0.466,5.49,2.03,1.41,2.72,-0.01,0.219,-10.28,-0.54
김재성      ,LG    ,58,73,65,9,5,2,1,1,0,1,1,2,2,0,6,3,5,13,1,0,0.138,0.208,0.246,0.454,0.212,-0.43,6.8,17.8,0.38,0.108,65,0.454,3.45,1.55,0.61,5.44,0.19,0.212,-8.37,-0.43
김혜성      ,Hero  ,144,635,559,170,144,20,3,3,3,1,10,10,8,4,99,66,65,97,46,0,0.304,0.372,0.367,0.739,0.343,4,10.2,15.3,0.67,0.063,186.33,0.739,88.8,5.83,81.01,7,7.25,0.343,2.92,4
문성주      ,LG    ,31,89,79,18,16,1,0,1,0,2,1,1,1,1,11,10,7,15,1,0,0.228,0.303,0.278,0.581,0.28,-0.31,7.9,16.8,0.47,0.05,79,0.581,7.19,3.03,6.23,4.32,-0.27,0.28,-4.71,-0.31
프레이타    ,Hero  ,43,148,139,36,24,10,0,2,0,1,1,1,7,0,13,14,7,29,0,0,0.259,0.297,0.374,0.671,0.303,-0.28,4.7,19.6,0.24,0.115,69.5,0.671,13.69,3.33,13.42,0.6,-0.01,0.303,-4.78,-0.28
김호재      ,삼성  ,87,90,75,17,15,2,0,0,0,2,1,2,0,0,9,7,9,14,0,0,0.227,0.322,0.253,0.575,0.286,-0.21,10,15.6,0.64,0.026,,0.575,7.37,3.32,6.76,3.69,-0.01,0.286,-4.3,-0.21
천성호      ,KT    ,41,47,42,12,11,1,0,0,0,2,0,0,0,0,13,4,3,9,1,0,0.286,0.362,0.31,0.672,0.325,0.1,6.4,19.2,0.33,0.024,,0.672,5.36,4.82,5.21,7.81,0.19,0.325,-0.57,0.1
김재호      ,두산  ,89,251,211,44,35,8,0,1,0,2,3,9,7,1,23,24,29,34,1,0,0.209,0.306,0.261,0.567,0.278,-0.27,11.6,13.6,0.85,0.052,211,0.567,18.42,2.7,17.24,2.36,-0.29,0.278,-13.63,-0.27
김민수      ,삼성  ,47,87,76,20,12,5,0,3,0,1,2,4,2,0,9,13,6,13,0,0,0.263,0.318,0.447,0.765,0.337,0.5,6.9,14.9,0.46,0.184,25.33,0.765,10.94,4.76,10.62,1.84,-0.01,0.337,-0.08,0.5
이재원      ,SSG   ,107,313,271,76,60,13,0,3,4,5,2,8,14,2,29,30,29,47,0,0,0.28,0.358,0.362,0.72,0.332,1.53,9.3,15,0.62,0.082,90.33,0.72,33.12,4.08,36.86,0.72,-0.96,0.332,-1.63,1.53
터커        ,KIA   ,127,539,468,111,77,24,1,9,1,8,2,2,12,0,42,59,61,66,0,0,0.237,0.334,0.35,0.684,0.322,0.3,11.3,12.2,0.92,0.113,52,0.684,57.06,4.15,58.17,1.92,-0.06,0.322,-8.11,0.3
유강남      ,LG    ,130,441,397,100,73,16,0,11,1,14,2,5,11,0,39,60,25,75,2,0,0.252,0.317,0.375,0.692,0.317,1.69,5.7,17,0.33,0.123,36.09,0.692,47.26,4.08,45.7,2.71,0.35,0.317,-8.53,1.69
강민호      ,삼성  ,123,462,406,118,78,22,0,18,4,4,7,7,18,0,55,67,45,53,0,0,0.291,0.361,0.478,0.839,0.37,4.09,9.7,11.5,0.85,0.187,22.56,0.839,67.66,5.84,70.44,1.02,-0.05,0.37,13.63,4.09
손호영      ,LG    ,8,12,10,1,1,0,0,0,0,1,0,0,0,0,2,0,1,2,0,0,0.1,0.25,0.1,0.35,0.207,-0.1,8.3,16.7,0.5,0,,0.35,0.38,1.14,0.04,11.81,0,0.207,-1.44,-0.1
국해성      ,두산  ,4,8,8,1,1,0,0,0,0,0,0,0,0,0,0,0,0,2,0,0,0.125,0.125,0.125,0.25,0.115,-0.16,0,25,0,0,,0.25,0.13,0.5,-0.65,1.81,0,0.115,-1.63,-0.16
김창평      ,SSG   ,40,28,25,2,2,0,0,0,0,0,0,2,0,1,6,1,1,6,2,0,0.08,0.115,0.08,0.195,0.1,-0.59,3.6,21.4,0.17,0,,0.195,0.31,0.32,-2.63,14.96,-0.06,0.1,-6.07,-0.59
안치홍      ,롯데  ,119,490,421,129,87,30,2,10,2,3,9,14,10,6,58,82,52,59,3,0,0.306,0.379,0.458,0.837,0.376,3.51,10.6,12,0.88,0.152,42.1,0.837,74.17,6.22,77.19,3.2,-2.23,0.376,16.93,3.51
유한준      ,KT    ,103,337,282,87,66,16,0,5,5,7,4,4,12,0,30,42,44,34,1,0,0.309,0.409,0.418,0.827,0.381,1.86,13.1,10.1,1.29,0.109,56.4,0.827,49.75,6.37,54.51,1.49,0.15,0.381,13.07,1.86
김재유      ,롯데  ,87,192,174,50,41,8,0,1,0,4,0,4,1,0,27,18,10,36,7,0,0.287,0.34,0.351,0.691,0.322,0.6,5.2,18.8,0.28,0.064,174,0.691,23.09,4.83,20.87,6.05,1.37,0.322,-2.74,0.6
박건우      ,두산  ,126,525,458,149,110,31,2,6,2,11,6,6,16,0,82,63,50,72,13,0,0.325,0.4,0.441,0.841,0.384,4.24,9.5,13.7,0.69,0.116,76.33,0.841,84.15,6.86,86.61,5.05,2.52,0.384,22.04,4.24
최정원      ,NC    ,72,238,212,60,54,4,2,0,0,4,0,4,0,8,40,8,18,40,9,0,0.283,0.35,0.321,0.671,0.32,0.3,7.6,16.8,0.45,0.038,,0.671,25.02,4.12,25.32,7.32,-1.92,0.32,-3.95,0.3
이동훈      ,한화  ,33,62,53,10,9,1,0,0,0,2,0,4,2,2,8,2,3,12,2,0,0.189,0.259,0.208,0.467,0.232,-0.47,4.8,19.4,0.25,0.019,,0.467,2.74,1.45,1.6,5.13,-0.53,0.232,-6.02,-0.47
김태훈      ,KT    ,44,91,87,20,14,4,1,1,0,1,0,1,1,0,6,6,2,19,1,0,0.23,0.256,0.333,0.589,0.264,-0.47,2.2,20.9,0.1,0.103,87,0.589,7.45,2.92,5.04,4.94,0.19,0.264,-6.15,-0.47
정현        ,SSG   ,12,29,21,4,2,2,0,0,0,3,0,2,1,0,5,0,3,4,0,0,0.19,0.37,0.286,0.656,0.335,0.16,10.3,13.8,0.75,0.096,,0.656,2.67,3.6,3.49,5.71,0,0.335,-0.07,0.16
고종욱      ,SSG   ,88,199,180,48,41,5,0,2,0,0,2,3,6,3,25,18,16,30,2,0,0.267,0.323,0.328,0.651,0.304,-0.34,8,15.1,0.53,0.061,90,0.651,18.28,3.43,18.37,2.85,-1.01,0.304,-6.1,-0.34
박세혁      ,두산  ,96,270,237,52,40,12,0,0,0,5,3,6,6,2,25,30,22,43,4,0,0.219,0.296,0.27,0.566,0.273,-0.19,8.2,15.9,0.51,0.051,,0.566,20.23,2.74,17.15,3.68,-0.15,0.273,-16.05,-0.19
강진성      ,NC    ,124,462,406,101,74,20,0,7,2,14,2,6,12,3,49,38,36,68,9,0,0.249,0.33,0.35,0.68,0.316,-0.27,7.8,14.7,0.53,0.101,58,0.68,47.87,3.96,47.73,3.91,0.36,0.316,-9.09,-0.27
오선진      ,삼성  ,23,46,42,9,9,0,0,0,0,1,0,0,2,0,5,2,3,8,0,0,0.214,0.283,0.214,0.497,0.247,-0.18,6.5,17.4,0.38,0,,0.497,2.4,1.85,1.85,1.73,-0.01,0.247,-3.81,-0.18
이천웅      ,LG    ,67,210,180,36,27,7,0,2,0,3,1,2,11,2,20,16,25,23,3,0,0.2,0.306,0.272,0.578,0.284,-0.43,11.9,11,1.09,0.072,90,0.578,14.36,2.44,15.4,1.73,-0.35,0.284,-10.42,-0.43
최지훈      ,SSG   ,136,534,461,121,91,19,6,5,0,8,6,14,6,6,75,46,51,71,26,0,0.262,0.342,0.362,0.704,0.328,1.58,9.6,13.3,0.72,0.1,92.2,0.704,64.17,4.73,60.73,7.53,2.36,0.328,-4.94,1.58
마차도      ,롯데  ,134,539,466,130,103,21,1,5,1,4,7,11,9,4,83,58,58,65,8,0,0.279,0.359,0.361,0.72,0.337,2.49,10.8,12.1,0.89,0.082,93.2,0.72,64.71,4.85,65.58,4.72,-0.32,0.337,-0.7,2.49
김민혁      ,KT    ,75,199,172,55,46,6,2,1,0,2,0,5,3,3,22,13,20,26,6,0,0.32,0.397,0.395,0.792,0.371,1.06,10,13.1,0.77,0.075,172,0.792,28.34,5.98,30.43,5.4,-0.21,0.371,5.96,1.06
신용수      ,롯데  ,71,136,119,31,23,5,2,1,0,3,1,3,2,1,23,6,11,20,3,0,0.261,0.336,0.361,0.697,0.324,0.31,8.1,14.7,0.55,0.1,119,0.697,15.41,4.43,14.95,7.34,0.12,0.324,-1.77,0.31
최승민      ,NC    ,48,34,31,7,6,1,0,0,0,0,0,2,0,3,8,1,1,7,4,0,0.226,0.25,0.258,0.508,0.236,-0.3,2.9,20.6,0.14,0.032,,0.508,1.67,1.55,1.01,9.96,-0.59,0.236,-3.17,-0.3
정수빈      ,두산  ,104,351,313,81,55,19,4,3,1,3,1,5,7,7,50,37,29,50,12,0,0.259,0.327,0.374,0.701,0.321,0.72,8.3,14.2,0.58,0.115,104.33,0.701,37.91,4.08,37.6,6.49,-0.87,0.321,-5.57,0.72
김성현      ,SSG   ,110,274,237,67,46,15,0,6,0,0,4,8,8,1,27,37,29,29,5,0,0.283,0.356,0.422,0.778,0.353,1.68,10.6,10.6,1,0.139,39.5,0.778,36.42,5.26,37.52,2.95,0.5,0.353,3.82,1.68
이해창      ,한화  ,20,60,54,9,6,3,0,0,0,1,1,4,0,1,4,4,1,13,0,0,0.167,0.193,0.222,0.415,0.19,-0.56,1.7,21.7,0.08,0.055,,0.415,2.48,1.34,-0.7,4.83,-0.46,0.19,-8.08,-0.56
김헌곤      ,삼성  ,118,364,317,89,75,8,2,4,0,5,5,8,9,4,38,27,34,46,5,0,0.281,0.355,0.356,0.711,0.333,0.63,9.3,12.6,0.74,0.075,79.25,0.711,41.29,4.48,43.09,3.79,-0.89,0.333,-1.68,0.63
이성우      ,LG    ,36,39,33,7,7,0,0,0,0,0,0,5,1,0,0,2,1,8,0,0,0.212,0.235,0.212,0.447,0.212,-0.24,2.6,20.5,0.12,0,,0.447,1.77,1.49,0.31,0.21,0,0.212,-4.49,-0.24
김현수      ,LG    ,140,595,506,144,103,23,1,17,5,3,9,9,7,0,70,96,77,42,3,0,0.285,0.376,0.435,0.811,0.367,2.78,12.9,7.1,1.83,0.15,29.76,0.811,89.97,6.43,89.01,3.82,0.52,0.367,15.84,2.78
서건창      ,LG    ,68,267,235,58,43,12,1,2,0,3,1,5,5,0,33,25,24,34,6,0,0.247,0.323,0.332,0.655,0.308,0.44,9,12.7,0.71,0.085,117.5,0.655,27.24,3.93,25.57,5.22,1.17,0.308,-7.27,0.44
심우준      ,KT    ,139,460,407,109,81,20,2,6,0,4,6,16,2,6,61,48,32,65,16,0,0.268,0.323,0.371,0.694,0.317,1.41,7,14.1,0.49,0.103,67.83,0.694,53.07,4.45,47.84,6.42,0.38,0.317,-8.73,1.41
구본혁      ,LG    ,123,45,38,5,3,2,0,0,0,1,2,3,0,0,10,3,3,7,0,0,0.132,0.205,0.184,0.389,0.191,-0.41,6.7,15.6,0.43,0.052,,0.389,2.04,1.53,-0.52,8.96,0,0.191,-6.05,-0.41
정진호      ,한화  ,47,167,145,33,24,9,0,0,1,1,2,6,5,1,9,15,15,22,4,0,0.228,0.301,0.29,0.591,0.278,-0.6,9,13.2,0.68,0.062,,0.591,13.27,2.89,11.38,2.81,0.32,0.278,-9.16,-0.6
이대호      ,롯데  ,114,465,420,120,90,11,0,19,3,5,6,6,12,0,39,81,34,49,0,0,0.286,0.342,0.448,0.79,0.35,1.02,7.3,10.5,0.69,0.162,22.11,0.79,63.54,5.39,62.34,1.24,-0.05,0.35,5.15,1.02
이용규      ,Hero  ,133,547,459,136,111,16,8,1,2,5,6,12,5,2,88,43,71,47,17,0,0.296,0.392,0.373,0.765,0.36,2.82,13,8.6,1.51,0.077,459,0.765,77.27,6.1,78.09,7.74,2.39,0.36,10.82,2.82
손아섭      ,롯데  ,139,610,542,173,139,29,2,3,3,3,1,4,15,6,88,58,61,67,11,0,0.319,0.39,0.397,0.787,0.365,3.05,10,11,0.91,0.078,180.67,0.787,84.55,5.79,90.07,4.31,-0.66,0.365,15.05,3.05
박민우      ,NC    ,50,215,180,47,38,5,3,1,0,7,2,6,4,3,30,18,22,23,12,0,0.261,0.36,0.339,0.699,0.334,0.87,10.2,10.7,0.96,0.078,180,0.699,25.1,4.64,25.57,7.45,0.98,0.334,-0.87,0.87
김상수      ,삼성  ,132,496,429,101,80,17,1,3,0,3,4,12,14,2,46,42,52,51,4,0,0.235,0.32,0.301,0.621,0.297,-0.02,10.5,10.3,1.02,0.066,143,0.621,43.04,3.26,42.48,3.09,-0.18,0.297,-18.52,-0.02
김태진      ,KIA   ,99,414,381,105,87,12,5,1,1,0,4,10,7,5,43,36,23,64,8,0,0.276,0.314,0.341,0.655,0.299,-0.01,5.6,15.5,0.36,0.065,381,0.655,40.84,3.7,36.26,5.65,-0.75,0.299,-14.65,-0.01
전준우      ,롯데  ,144,619,552,192,139,46,0,7,0,5,8,9,10,3,88,92,53,71,6,0,0.348,0.405,0.469,0.874,0.395,4.86,8.6,11.5,0.75,0.121,78.86,0.874,108.12,7.64,108.56,3.86,-0.27,0.395,32.44,4.86
황윤호      ,KIA   ,6,19,17,3,3,0,0,0,0,1,0,0,1,0,2,0,1,3,0,0,0.176,0.263,0.176,0.439,0.227,-0.13,5.3,15.8,0.33,0,,0.439,0.74,1.33,0.42,2.29,0,0.227,-1.92,-0.13
김태군      ,NC    ,102,276,232,51,37,7,0,7,0,11,3,12,4,1,23,24,21,30,0,0,0.22,0.311,0.341,0.652,0.305,0.72,7.6,10.9,0.7,0.121,33.14,0.652,26.59,3.63,25.69,2.6,-0.49,0.305,-8.26,0.72
정보근      ,롯데  ,11,20,18,5,5,0,0,0,0,0,0,0,1,1,0,0,2,2,0,0,0.278,0.35,0.278,0.628,0.307,0.02,10,10,1,0,,0.628,1.38,2.48,1.89,0.18,-0.46,0.307,-0.57,0.02
최원준      ,KIA   ,143,668,589,174,144,21,5,4,0,11,3,7,7,12,82,44,61,68,40,0,0.295,0.37,0.368,0.738,0.347,2.56,9.1,10.2,0.9,0.073,147.25,0.738,88.54,5.42,87.49,6.62,2.36,0.347,5.34,2.56
이정후      ,Hero  ,123,544,464,167,112,42,6,7,1,9,9,9,8,3,78,84,62,37,10,0,0.36,0.438,0.522,0.96,0.429,7.06,11.4,6.8,1.68,0.162,66.29,0.96,112.79,9.61,112.3,5.8,0.54,0.429,45.41,7.06
페르난데    ,두산  ,141,617,540,170,131,24,0,15,3,6,6,6,25,2,73,81,65,35,0,0,0.315,0.391,0.443,0.834,0.379,3.03,10.5,5.7,1.86,0.128,36,0.834,90.31,6.05,99,1.05,-1.01,0.379,23.13,3.03
이호연      ,롯데  ,7,11,9,2,2,0,0,0,0,0,1,1,1,0,0,1,1,1,0,0,0.222,0.273,0.222,0.495,0.237,-0.08,9.1,9.1,1,0,,0.495,0.55,1.65,0.34,-3.19,0,0.237,-1.01,-0.08
강민국      ,KT    ,18,50,45,11,9,2,0,0,0,0,0,1,1,0,2,4,3,6,0,0,0.244,0.292,0.289,0.581,0.273,-0.12,6,12,0.5,0.045,,0.581,3.79,2.84,3.19,1.5,-0.01,0.273,-2.96,-0.12
김선빈      ,KIA   ,130,564,501,154,117,32,0,5,2,1,5,6,19,0,55,67,56,39,0,0,0.307,0.375,0.401,0.776,0.357,3.29,9.9,6.9,1.44,0.094,100.2,0.776,74.58,5.41,79.08,1.39,-0.07,0.357,9.72,3.29
이재율      ,NC    ,23,17,15,3,1,2,0,0,0,2,0,0,1,1,5,1,0,3,1,0,0.2,0.294,0.333,0.627,0.295,-0.05,0,17.6,0,0.133,,0.627,1.07,2.06,1.43,25.88,-0.26,0.295,-0.66,-0.05
김지찬      ,삼성  ,120,336,296,81,74,6,0,1,0,0,3,13,0,4,50,26,27,31,23,0,0.274,0.331,0.304,0.635,0.302,0.7,8,9.2,0.87,0.03,296,0.635,35.99,4.19,30.23,6.93,2.7,0.302,-11.09,0.7
이원재      ,NC    ,31,69,65,15,13,2,0,0,0,1,1,2,1,0,3,7,1,11,1,0,0.231,0.25,0.262,0.512,0.236,-0.57,1.4,15.9,0.09,0.031,,0.512,4.48,2.28,2.04,3.1,0.19,0.236,-6.44,-0.57
박승욱      ,KT    ,8,6,6,2,1,1,0,0,0,0,0,0,0,0,5,0,0,1,1,0,0.333,0.333,0.5,0.833,0.363,0.05,0,16.7,0,0.167,,0.833,1.17,7.9,0.88,17.46,0.2,0.363,0.14,0.05
이상호      ,LG    ,45,68,65,20,18,2,0,0,0,0,0,2,2,1,5,12,1,10,2,0,0.308,0.318,0.338,0.656,0.3,-0.01,1.5,14.7,0.1,0.03,,0.656,6.44,3.48,6.03,2.97,-0.07,0.3,-2.33,-0.01
허경민      ,두산  ,136,518,468,130,100,24,1,5,1,8,3,6,21,7,61,59,36,35,5,0,0.278,0.338,0.365,0.703,0.325,1.14,7,6.8,1.03,0.087,93.6,0.703,53.09,3.85,57.4,2.73,-2.29,0.325,-6.3,1.14
김준완      ,NC    ,13,14,12,2,1,0,1,0,0,0,0,0,0,0,3,1,2,0,0,0,0.167,0.286,0.333,0.619,0.287,-0.03,14.3,0,,0.166,,0.619,1.29,3.48,1.07,13.9,0,0.287,-0.65,-0.03
이지영      ,Hero  ,108,258,233,64,58,5,1,0,2,1,3,5,10,1,29,31,19,17,3,0,0.275,0.328,0.305,0.633,0.296,0.32,7.4,6.6,1.12,0.03,,0.633,22.77,3.32,21.74,3.36,0.11,0.296,-9.99,0.32
안권수      ,두산  ,87,47,42,10,9,0,1,0,0,0,0,2,0,0,17,4,3,3,3,0,0.238,0.289,0.286,0.575,0.27,-0.15,6.4,6.4,1,0.048,,0.575,4.25,3.38,2.85,13.03,0.59,0.27,-2.93,-0.15
안익훈      ,LG    ,47,16,14,2,1,1,0,0,0,2,0,0,1,0,4,1,0,2,0,0,0.143,0.25,0.214,0.464,0.235,-0.12,0,12.5,0,0.071,,0.464,0.66,1.37,0.46,,0,0.235,-1.5,-0.12
고명성      ,KT    ,7,1,1,0,0,0,0,0,0,0,0,0,0,0,1,0,0,0,0,0,0,0,0,0,0,-0.03,0,0,,0,,0,0,0,-0.19,,0,0,-0.31,-0.03
서예일      ,두산  ,5,1,1,0,0,0,0,0,0,0,0,0,0,0,0,0,0,0,0,0,0,0,0,0,0,-0.03,0,0,,0,,0,0,0,-0.19,,0,0,-0.31,-0.03
권정웅      ,삼성  ,2,1,1,0,0,0,0,0,0,0,0,0,0,0,0,0,0,0,0,0,0,0,0,0,0,-0.03,0,0,,0,,0,0,0,-0.19,,0,0,-0.31,-0.03
박상언      ,한화  ,1,1,1,0,0,0,0,0,0,0,0,0,0,0,0,0,0,0,0,0,0,0,0,0,0,-0.03,0,0,,0,,0,0,0,-0.19,,0,0,-0.31,-0.03
이정용      ,LG    ,1,1,1,0,0,0,0,0,0,0,0,0,0,0,0,0,0,0,0,0,0,0,0,0,0,-0.03,0,0,,0,,0,0,0,-0.19,,0,0,-0.31,-0.03
박시원      ,NC    ,1,1,1,0,0,0,0,0,0,0,0,0,0,0,0,0,0,0,0,0,0,0,0,0,0,-0.03,0,0,,0,,0,0,0,-0.19,,0,0,-0.31,-0.03
오태양      ,NC    ,1,1,1,0,0,0,0,0,0,0,0,0,0,0,0,0,0,0,0,0,0,0,0,0,0,-0.03,0,0,,0,,0,0,0,-0.19,,0,0,-0.31,-0.03
김현준      ,삼성  ,13,4,4,1,1,0,0,0,0,0,0,0,1,0,2,0,0,0,0,0,0.25,0.25,0.25,0.5,0.23,-0.04,0,0,,0,,0.5,0,0,0.1,1.81,0,0.23,-0.4,-0.04
김응민      ,삼성  ,1,2,2,0,0,0,0,0,0,0,0,0,0,0,0,0,0,0,0,0,0,0,0,0,0,-0.05,0,0,,0,,0,0,0,-0.37,,0,0,-0.62,-0.05
최민창      ,LG    ,3,2,2,0,0,0,0,0,0,0,0,0,0,0,0,0,0,0,0,0,0,0,0,0,0,-0.06,0,0,,0,,0,0,0,-0.37,,0,0,-0.62,-0.06
최우재      ,NC    ,2,2,2,0,0,0,0,0,0,0,0,0,0,0,0,0,0,0,0,0,0,0,0,0,0,-0.06,0,0,,0,,0,0,0,-0.37,,0,0,-0.62,-0.06
장준원      ,LG    ,5,3,3,0,0,0,0,0,0,0,0,0,0,0,0,0,0,0,0,0,0,0,0,0,0,-0.09,0,0,,0,,0,0,0,-0.56,,0,0,-0.93,-0.09
김태균      ,한화  ,1,0,0,0,0,0,0,0,0,0,0,0,0,0,0,0,0,0,0,,,,,,,,,,,,,,,,,,0,,,
안주형      ,삼성  ,1,0,0,0,0,0,0,0,0,0,0,0,0,0,0,0,0,0,0,,,,,,,,,,,,,,,,,,0,,,
박관진      ,Hero  ,1,0,0,0,0,0,0,0,0,0,0,0,0,0,0,0,0,0,0,,,,,,,,,,,,,,,,,,0,,,
