Kilometers_Driven,Seats
72000,5
41000,5
46000,5
87000,7
40670,5
75000,5
86999,5
36000,8
64430,5
65932,5
25692,5
60000,5
64424,5
72000,5
85000,5
110000,7
58950,5
25000,5
77469,5
78500,5
32982,5
55392,5
55985,5
45807,5
33000,5
51920,5
54000,5
54000,5
37430,5
262000,7
62000,5
87615,5
72000,7
35000,5
55431,5
83816,5
50075,5
52000,5
85000,5
62000,5
90000,5
19698,4
22033,6
35487,5
46374,5
52001,5
58005,5
70704,7
75000,5
75800,6
13648,5
52000,5
53000,5
65650,5
54000,5
39000,5
16542,5
32000,5
121812,5
39300,5
22000,8
72000,5
58000,5
65000,5
178000,5
65664,5
63000,5
15369,5
63000,7
13000,5
73000,5
55729,7
45178,5
56066,5
37300,5
56000,5
111111,5
230000,8
104000,7
87591,5
95100,5
70000,5
54944,5
70337,5
99638,5
52000,5
75000,5
95980,5
16000,5
73745,5
18949,5
107000,7
48367,5
57000,5
58000,7
30000,5
34212,5
70002,5
62000,5
62001,5
78958,5
30180,5
32851,7
30000,5
66000,5
93850,5
53000,5
78000,5
65000,7
40000,5
30000,7
38053,5
25500,4
56087,5
71088,5
55000,7
32700,5
39882,5
128000,5
55000,5
102000,5
53753,5
10250,5
43874,5
32684,4
42000,8
28352,5
89900,5
47700,5
55000,5
44285,5
54000,7
30232,5
88500,5
13372,2
12645,5
94385,5
31821,5
12000,5
88578,5
44965,5
45044,5
34204,5
80759,5
91235,7
38800,5
83000,5
41283,5
23000,4
48000,5
48214,5
35000,5
35277,5
54620,5
136997,5
14322,5
65634,5
6000,5
33280,5
29000,5
42831,5
90000,7
24005,5
32792,7
147898,5
131765,7
65000,5
66123,5
41000,5
23550,5
45000,5
60000,5
44414,5
1000,5
62500,5
21000,5
8525,5
29000,5
40000,5
88000,5
53537,5
216000,5
51000,5
118500,5
63000,5
25000,8
37382,5
24773,5
62000,5
52340,5
56739,7
36091,5
120000,5
33000,7
60006,
52000,5
43571,5
50000,5
113000,5
90000,5
29000,7
20000,5
61012,5
87459,5
70500,5
64103,5
76000,5
104000,5
42001,
37245,5
45000,5
117837,5
30000,5
27057,5
8500,5
30500,5
56000,5
44000,5
10500,5
26000,5
25166,5
64000,5
61000,5
107000,5
29161,5
32000,5
46173,5
47000,5
26327,4
70436,
200000,5
60813,5
45000,5
64000,5
41284,5
14165,7
67000,7
32572,5
14960,5
55980,5
74000,5
56847,5
121374,7
52000,7
118000,7
72000,5
33915,5
82002,5
33000,5
34000,5
55000,5
160538,5
60000,5
49575,5
83000,5
51346,5
43000,7
35000,5
27872,5
16514,5
120000,5
143275,5
99000,5
52000,5
29819,5
57000,5
88500,5
28000,5
67000,5
26000,5
120000,5
51982,5
36000,5
47000,7
60000,5
31025,5
105000,8
121900,5
22695,5
73000,5
32227,5
55000,5
11287,7
48000,5
54308,5
78442,5
46000,5
45051,5
69000,5
49000,5
45000,5
64000,5
60000,5
62178,5
58006,5
74000,5
77771,5
45275,5
48000,7
31652,5
109000,7
31978,5
70000,5
15000,5
59138,5
61726,5
48000,5
58000,5
60020,5
77815,5
29000,5
44000,5
108626,5
71791,5
91931,5
158000,7
91183,5
65000,5
88428,7
138000,5
18000,7
60000,5
48000,5
160000,5
40000,5
51495,5
30000,4
97430,7
42496,5
83000,5
37000,5
28503,5
76496,5
79152,5
32000,5
35000,5
105000,5
56000,5
73000,5
38000,5
775000,5
80000,5
24973,5
45000,5
87430,5
133944,5
57000,5
27904,5
30717,5
80000,5
47304,5
100000,5
30000,5
68000,5
21000,5
21000,5
119000,5
13747,5
620000,5
70000,5
18000,5
83000,5
130000,5
63400,5
65000,5
8350,5
45000,5
26200,5
11000,5
90000,5
74000,5
37081,5
39000,5
99000,7
38000,5
72000,4
93000,5
5900,5
25000,5
68000,5
35676,7
74310,5
59364,5
41380,5
33900,5
28000,5
50958,5
93982,5
95000,5
9000,5
52516,5
20000,4
56451,5
37000,5
17400,5
90207,5
89616,5
85000,5
79271,5
56000,5
85001,7
12000,7
125000,5
53000,5
34990,5
49768,5
56000,5
75000,5
57000,5
37542,5
95649,5
35299,5
28464,7
41000,5
9000,7
92098,5
5834,5
40250,5
22397,5
20800,5
40322,5
52576,5
55000,5
47000,5
42021,5
23163,5
50000,5
11900,4
108000,5
37000,5
30000,5
12831,5
143017,5
13102,5
24950,5
57832,5
34267,5
33000,5
55100,5
40000,5
31841,5
15000,8
82756,7
50243,5
20600,5
29952,5
15000,5
61938,5
67000,5
61672,7
26185,5
38000,5
67000,5
66000,5
80883,7
80219,5
12923,5
86642,5
19235,5
51002,7
6800,5
82749,5
51000,5
31465,5
76476,5
14000,5
47000,5
48466,5
46000,5
162663,7
25142,5
69000,7
80524,5
26405,5
45000,5
64284,5
27000,5
3678,5
21000,5
67000,5
24000,5
75000,5
179000,7
47198,7
52000,5
91000,5
60000,5
37873,5
31000,5
129000,7
78000,5
32000,5
59000,5
35437,5
98000,7
72000,5
79000,5
29000,5
66012,5
35000,5
75000,5
80000,5
32717,5
25000,7
79000,5
86000,5
137000,5
25000,7
8500,5
34000,7
41629,5
80227,5
8587,5
30000,7
64186,5
76427,5
75000,5
27075,5
30000,5
69434,5
56000,5
49275,5
8700,5
18000,4
41041,5
80464,5
20667,5
60283,5
31696,5
100000,7
13361,7
48394,5
47399,7
69000,5
65278,7
108000,5
50645,5
130002,5
107000,5
41950,5
109000,7
9000,5
43900,5
64000,7
13190,5
77652,5
55000,7
59900,5
73539,5
31645,5
69690,5
41000,5
109200,5
80000,7
51000,5
105000,7
179000,5
12100,2
31000,5
50000,5
48000,5
35000,5
100200,7
47000,5
63642,5
62550,5
37340,5
38461,5
29000,5
31000,5
42086,5
49000,5
77240,5
105000,7
35000,5
83072,5
202082,5
129000,5
33558,5
60271,7
45366,5
9500,5
42362,5
21000,5
15200,5
43690,7
79926,7
53073,7
59000,5
47088,5
55000,5
80430,7
71932,7
19000,7
81759,5
52010,5
58953,5
93000,6
10000,5
40674,7
50000,5
1331,5
60000,8
10003,5
25000,5
73000,7
59962,5
72000,5
20967,5
35000,7
38056,5
94000,7
64236,5
124000,7
7400,5
52000,8
68764,5
64000,5
21558,5
37500,5
14077,5
70000,5
54316,5
90764,8
137000,5
127000,5
51884,7
67407,5
107825,7
82453,8
30441,5
70000,5
11000,5
61000,5
48454,5
37000,7
32249,7
58000,5
28360,5
7000,5
19658,5
92000,5
25000,5
37882,5
69330,5
61000,5
35000,5
200000,5
82000,5
72450,7
36381,5
25559,5
100000,5
94000,7
64357,5
10501,5
47000,5
18000,7
89000,5
49964,5
35000,7
64000,5
36000,5
78600,7
170000,5
65000,5
120300,7
21000,5
18108,5
58407,5
49500,5
37199,5
62000,5
59000,7
60000,5
39037,5
17003,5
80400,5
75200,5
41217,5
98293,5
54000,5
17377,5
33800,5
86157,5
146824,5
55000,5
53293,5
38000,5
64000,5
25058,5
36700,5
35000,5
22732,2
48000,5
62084,5
39273,5
64798,7
100002,5
78000,5
57717,5
109000,5
74515,5
50484,7
13452,5
37688,5
34000,5
120000,5
64000,5
100000,5
75000,5
86000,5
69000,5
41721,5
13000,5
38998,4
54250,5
45979,5
37000,4
46983,7
40700,5
43828,5
53000,5
100000,5
19000,5
84000,5
37630,5
67714,5
32000,5
51000,5
58390,5
14000,5
55818,5
97800,
52241,5
25433,5
40611,7
72000,5
54631,5
60000,5
24941,4
63939,7
35214,5
63000,5
121377,5
100970,5
60000,5
77650,5
71297,5
55001,
18955,5
47877,5
43368,5
73000,5
72007,7
56778,5
20024,5
42103,5
67147,5
37806,5
85000,5
35000,4
72035,5
48500,5
28854,5
92450,5
14351,5
51087,5
50000,8
73000,5
60000,4
50000,8
36797,5
50000,5
94000,8
74000,7
41016,5
67000,5
76927,5
17088,5
112808,5
74980,5
44600,5
37000,5
21000,5
81245,5
70000,5
4018,5
70000,5
56532,7
26875,8
72599,5
205000,7
98000,5
19500,5
68000,7
19654,7
26000,5
10000,2
75020,5
157000,7
43773,7
21000,5
23280,5
88000,5
67000,5
59636,7
11000,5
60669,5
12000,5
35000,5
65000,7
39929,7
49000,5
77757,10
21456,5
74000,5
37000,5
108640,5
38000,5
80000,5
47000,5
31000,5
40000,5
4152,5
51000,5
55000,5
58500,5
58620,5
29605,5
71172,5
12000,5
25000,5
43000,5
57022,5
92000,5
33372,5
52625,5
215000,7
65537,5
60138,5
84000,5
47000,7
33450,5
125000,5
99606,5
64000,7
51000,5
57000,5
48040,5
43200,7
66000,5
31000,5
46000,5
47346,5
100000,5
63856,5
72996,5
23000,7
15985,5
98000,8
70089,5
99000,7
72000,5
44194,5
102000,5
56652,5
41650,7
61717,5
25302,5
47016,5
69000,5
32700,5
101337,7
59000,5
41736,7
71649,5
80606,5
63262,5
5456,5
7500,5
66000,7
66770,5
58472,5
46687,5
77000,5
7000,4
48000,5
47000,5
51530,5
25789,5
48000,5
52000,5
95637,5
131000,7
42076,5
76000,7
20487,5
43000,5
17000,5
60805,5
58775,5
70181,5
85827,7
58205,5
91000,5
74000,5
79324,5
38623,5
59923,5
23360,5
61495,5
56661,7
40318,5
60000,5
103000,2
130000,5
20000,10
76000,7
30000,5
150000,5
28000,5
74000,5
75000,7
76000,5
64889,5
10000,2
43000,5
47490,5
80000,5
60000,5
6006,5
71703,5
33000,5
60000,5
91000,5
72000,5
43000,5
63770,5
43510,5
52000,5
31427,5
29000,5
56000,5
76000,5
53615,5
132000,7
14800,5
35433,5
82966,5
96000,5
39528,6
92056,7
14930,5
38000,5
71000,5
71000,5
50000,5
48163,5
19168,5
26000,5
37400,5
8682,5
95000,5
34000,5
95000,8
13689,5
84000,5
47000,5
60001,5
96000,5
47300,5
28246,5
65000,5
68000,5
11209,7
41980,5
65000,5
38000,5
51000,5
33855,5
146000,5
47037,5
58000,5
61240,5
91211,5
84000,5
64226,5
67000,5
106976,5
27210,5
26322,5
9107,5
63983,5
134000,5
11000,5
93000,5
24852,5
37632,5
55000,5
81448,5
1900,5
54957,5
55000,5
21983,5
76000,5
65000,5
26000,5
11571,8
81000,5
23154,5
26856,5
67489,7
176000,8
18000,5
63003,5
80000,7
56658,5
18592,5
75695,5
82000,5
60000,5
138000,5
67000,5
42750,5
52398,5
36657,5
77000,7
85000,7
112500,5
105072,7
80000,5
3102,5
14656,5
105000,5
61000,5
85046,5
48000,5
55000,7
4000,5
94000,5
61110,5
80000,5
43190,5
45000,5
44178,5
84415,8
35000,5
44000,5
67635,5
18385,5
35000,5
49000,5
69000,5
23228,5
68462,5
74611,5
90000,5
22000,5
58163,5
109500,5
13363,7
51000,5
103000,7
43002,5
108000,7
82407,5
29000,5
225000,5
45000,5
93401,5
95802,5
130000,7
67443,7
47681,5
35000,5
68000,7
34688,5
10512,2
58000,5
40000,5
61000,5
86000,5
45000,5
55000,5
36855,5
46821,5
120000,5
29000,5
40000,5
60000,5
64984,5
73204,5
50000,7
35000,5
17729,5
97000,5
89614,5
14000,5
50000,5
62505,5
248000,7
94900,5
55000,7
53735,7
53934,5
58500,5
48000,5
24000,5
52001,5
9565,5
32953,5
18000,5
20446,5
33016,5
48000,5
72022,5
34000,5
69000,5
108000,5
34700,5
79000,5
58197,5
66000,5
60000,5
57000,5
45555,5
55137,5
93325,5
38000,7
57738,5
38282,5
64000,5
32000,5
83000,5
76000,5
67200,5
62655,5
16900,5
8471,5
69000,7
30090,5
120000,5
23000,5
35939,5
116694,7
40448,7
64456,5
52782,5
51672,5
56073,5
65000,5
79000,5
43206,5
70200,5
42000,5
62000,5
20000,5
80000,5
50234,5
50003,5
1000,5
54897,5
108995,5
73000,5
65000,5
32000,5
65000,5
21600,5
39000,5
58075,5
58000,5
58000,5
89000,5
72000,5
1800,5
172050,5
46230,5
86925,5
5000,5
66000,5
119000,8
45000,5
66149,5
42070,5
35503,5
41460,5
40600,5
87000,5
30000,5
27089,5
53702,5
51000,5
36542,5
15000,5
65000,5
32000,5
24393,7
1000,5
28238,5
59000,7
92000,5
56840,5
62746,5
96000,5
24000,5
54000,7
90000,7
40000,5
65938,7
16100,5
3600,5
52000,5
54000,5
15399,5
75000,5
76752,5
56000,5
70000,5
46125,5
35000,5
80000,5
62729,8
34000,5
70000,5
32000,4
21000,5
49000,5
40000,5
78000,5
52000,5
65213,7
170000,5
36884,5
62500,5
68000,5
40748,5
60000,5
12400,5
87000,5
20248,5
52383,5
1000,5
85000,7
47000,7
17585,5
32496,5
34613,5
153000,7
54000,5
16900,5
62334,5
23714,5
52325,5
50000,5
55746,5
54000,5
43000,7
40000,5
125000,5
51944,5
46950,5
23000,5
54546,5
51535,7
45000,5
46004,5
124000,5
77395,5
10600,4
22974,5
89000,5
65012,7
17125,5
90413,7
37000,5
65000,5
66000,5
86000,5
98437,5
18000,5
35070,5
42000,5
40000,5
43000,5
65000,5
74000,5
51192,5
14262,2
66339,5
90200,5
57854,7
32000,5
29631,5
55005,
54173,5
50000,5
145000,5
78000,5
65000,7
120000,7
14000,5
57456,5
44450,5
63777,5
31000,5
60000,5
78008,5
33000,5
27078,4
57275,5
45000,5
57319,5
121097,5
89000,5
72000,5
36000,5
86000,5
85000,5
120000,5
37613,5
100000,5
5240,4
20000,5
16862,5
59254,5
60000,5
50295,
47674,5
61517,5
62946,7
66823,5
79494,5
107000,5
55000,5
24000,5
20002,7
54317,5
10200,5
24337,5
79000,5
40500,5
23000,5
63050,5
78000,5
70000,5
66245,5
74112,9
87670,5
10000,5
62493,5
44620,5
66538,7
60000,7
20842,5
110000,7
45000,5
40000,5
49008,5
31000,5
8000,5
171,5
2100,5
20667,5
50000,7
100030,5
75372,5
60475,5
18453,5
96578,5
31001,5
65900,5
26246,5
62700,5
90000,5
36000,5
46000,5
73003,5
46566,5
41493,5
103788,5
45000,5
120000,5
97359,5
62000,5
115000,
18373,5
60453,5
37000,5
69009,5
30000,5
70707,5
64677,5
3000,5
49000,5
71000,5
52000,5
35659,7
5377,5
65000,7
92708,5
48105,5
46759,5
62000,5
35175,5
70000,7
30000,5
66618,7
69300,5
148000,5
22000,5
75000,5
43706,5
42000,5
65000,5
76128,5
39852,5
18673,5
11583,5
82000,5
50000,5
77000,5
54890,5
21000,5
58557,5
70000,5
16000,5
8899,7
83629,5
35059,4
30552,7
44875,5
25095,5
59000,4
36000,5
37000,7
90000,5
17000,5
42575,5
131000,7
74000,5
47234,8
231673,5
10000,5
49389,5
12000,5
65000,5
177000,5
89000,5
72000,5
49000,5
51355,5
13460,5
35642,5
52895,5
93000,5
70000,5
32048,5
4700,4
71800,5
69078,
45000,5
15388,5
98798,5
43000,5
85112,5
37804,7
45000,5
116000,5
100073,5
165000,4
22000,5
9500,5
152000,7
17705,5
12000,5
51000,5
42000,5
51000,5
42527,5
45000,5
70000,8
92000,7
57156,5
53211,5
80000,7
74000,5
37000,5
64000,5
57197,5
55000,5
33000,5
70000,5
75000,7
58095,5
7445,5
17652,5
28321,5
69000,5
80000,5
42365,5
123000,7
40000,5
30112,5
43775,7
26013,5
56000,5
95000,5
41089,5
41988,5
72486,5
92000,5
40000,5
56000,5
125000,5
29219,8
39927,7
38593,5
32000,5
28226,5
95000,5
194000,8
14821,5
52000,5
33000,7
29200,5
99754,5
49000,5
299322,8
38310,5
56000,5
31300,5
11241,8
48000,5
23882,5
65000,5
50000,5
25000,5
21000,5
148000,5
68000,5
52000,7
19000,6
74000,5
30279,5
20000,4
34834,5
90000,5
38730,5
57390,5
100000,5
50000,5
64961,7
72465,5
68776,5
150000,5
68000,7
33000,5
22389,5
90000,5
42000,5
38767,5
21000,7
59136,5
36000,5
95000,5
51000,5
36411,5
40000,7
27300,5
29813,5
71000,5
32000,5
19234,7
50510,5
102000,5
42277,5
46000,5
35000,7
50000,5
62000,5
78000,5
79000,5
6773,7
135000,7
36716,5
65060,5
33000,5
11110,5
63000,7
27030,5
19600,5
27755,5
20000,5
24782,5
47303,5
71000,7
135000,5
1000,5
29000,5
36367,5
38000,5
83969,4
82621,5
89000,7
54000,7
61691,5
32200,5
68630,5
61000,5
32644,5
85000,7
75000,5
40347,5
60788,5
18664,5
57847,7
52237,5
128000,5
54000,5
49800,5
98000,5
60095,5
68000,5
81402,5
38000,5
92239,5
49224,5
12000,4
54898,5
2500,5
32838,5
27076,5
75445,5
46601,5
72000,5
27000,5
68193,5
34429,5
46000,7
80544,7
42000,5
94821,5
100000,5
57000,7
79894,5
44748,5
31000,5
60587,5
32000,5
43772,5
23576,5
4000,5
62000,8
36000,5
80000,5
137008,4
61001,8
52191,5
77076,5
56000,5
21000,5
89429,5
45631,5
53959,5
55804,5
25899,5
82000,5
52000,5
20000,5
31829,5
18094,5
80000,5
11964,5
22684,5
43521,5
49386,5
12248,5
67771,8
60007,4
48624,5
30000,5
81605,5
32642,5
34200,5
72204,5
156347,8
47357,7
61738,5
32586,5
40129,5
51000,5
10393,5
46000,5
21000,5
113562,5
100010,8
63107,5
58500,5
90000,7
108242,5
146300,7
62943,5
65000,7
1700,5
34697,5
58000,5
32500,5
58661,5
37124,5
44000,5
45200,5
11000,5
65000,4
55005,5
81650,5
160000,5
169000,7
67263,5
44223,5
36840,5
160000,8
133000,5
69123,5
38000,7
5500,5
1001,5
59000,5
78256,5
90000,5
18000,5
60000,5
130000,5
32851,5
32000,5
62700,5
71000,5
19947,5
91000,7
74000,5
55594,7
58000,4
110224,5
21002,5
121000,7
73513,5
34000,5
28371,7
74755,5
25805,5
82603,5
110000,5
88000,7
110000,5
15000,5
70000,5
150000,5
19000,5
37442,5
63111,5
88000,7
42355,5
75871,5
65000,5
69000,5
79232,5
220000,5
28470,5
9759,5
75216,5
8000,5
59451,5
53996,5
15135,5
53000,5
40000,5
21107,5
56000,5
19623,5
70963,7
25755,5
51450,7
75000,5
37832,5
43041,5
97236,5
83000,5
65000,5
46007,5
65925,5
73500,5
55000,7
115000,7
31184,5
41747,5
38143,5
19030,5
20877,5
23555,5
29000,5
61000,5
4187,4
46000,5
28000,5
83558,5
40000,5
36000,5
21000,5
62162,7
83000,5
58000,5
62332,5
50867,5
73000,5
98008,5
36000,5
27339,5
25000,5
37000,5
56000,5
27000,5
37000,5
10500,5
49000,5
7000,5
71256,5
83184,5
87284,7
7000,5
29000,5
33552,5
64000,5
82000,5
70000,5
166194,7
58000,5
77000,5
73204,4
70000,5
79870,7
90000,5
17000,5
46493,5
68000,5
2000,5
140000,5
255000,7
45535,5
39228,5
57000,5
85445,5
54000,5
53000,5
60000,5
65668,5
100000,5
1800,5
96000,5
44200,5
14000,5
720000,5
73000,7
68000,5
19543,5
38000,5
32805,5
44782,5
55700,5
60000,5
56000,5
60000,7
78563,5
34669,7
17000,5
66000,5
102418,7
48800,5
10601,7
8200,5
100000,5
78000,5
50000,8
89327,5
98000,5
24700,5
6000,7
9434,5
29000,5
22440,5
73070,5
21771,5
62000,5
37024,5
60336,5
26008,5
90000,5
35569,5
40000,5
45000,5
42000,5
46913,5
62000,7
15000,7
69000,5
41367,5
15982,5
99595,5
63000,10
49000,5
48272,6
63000,5
77000,5
11734,8
62012,5
46000,5
45449,5
85000,5
88000,
45330,5
88000,5
45376,5
81000,7
83381,5
78526,5
27313,5
42747,5
42265,5
21000,5
55100,5
70000,5
55000,5
58235,5
26000,5
35000,5
24000,5
98000,7
44487,5
65000,5
34951,5
52373,7
66285,5
66000,5
43000,5
45200,5
41000,7
39430,5
83274,5
32324,5
49999,5
66000,7
54000,5
80000,5
72000,5
44865,5
22000,5
57478,5
75000,5
50624,7
75000,5
87000,5
62000,5
41372,5
70000,7
35000,5
71993,5
62000,5
51000,5
26038,5
37713,7
78088,8
30453,5
54000,5
190000,7
65097,5
28060,5
282000,5
111000,5
63295,5
35770,5
125928,5
45000,5
21000,5
54774,5
41123,5
17465,5
48000,5
173000,5
12000,5
34000,5
71360,5
74000,5
28937,5
82085,7
68465,5
63854,5
3000,5
65055,5
120000,7
64241,5
121000,5
2200,5
88123,5
79000,7
28143,5
23001,5
82002,5
75000,5
37451,5
67000,7
25000,5
12000,5
25000,5
95936,5
5354,5
42000,5
44282,5
70000,5
31400,5
50000,5
53000,5
21727,5
43000,7
75000,8
73557,5
44555,5
54885,7
76000,7
101000,5
66000,5
84360,5
25121,7
100000,7
66035,5
190000,5
85670,5
35000,5
8000,5
162000,8
60000,5
70600,5
25000,5
75000,7
85071,5
40000,5
67000,5
55000,5
62000,5
22526,5
57788,5
72000,8
83128,7
75000,5
58000,5
26000,6
1000,5
59751,7
29966,5
65000,5
75863,5
54000,5
24000,5
33218,5
33425,5
47000,5
41000,5
62000,5
47035,7
56230,5
55000,5
70669,7
69000,5
65000,5
30000,5
2000,5
24255,
40000,5
40000,5
26000,5
105000,5
2800,5
71000,5
32896,5
45000,5
65000,5
45200,5
82167,5
37429,5
46000,5
67031,5
30000,4
47691,5
32531,5
71336,5
196000,7
28193,5
2526,2
52146,
85000,5
20780,5
43081,7
35000,5
36000,7
67000,5
34079,6
77849,5
86000,5
110000,5
116000,5
41840,7
19317,7
41000,5
25601,5
83950,5
60000,5
50000,5
37000,5
76976,5
21684,5
62000,7
1261,5
59450,5
24465,5
55000,5
2000,5
25040,5
84000,5
170428,8
12573,5
88000,7
86000,7
51019,5
45000,5
51000,5
92000,7
29000,7
70521,5
51000,5
52618,5
68000,7
29022,5
80000,7
78000,5
100000,5
31412,5
78000,7
14000,7
80000,5
46738,5
54884,5
74500,5
67472,7
84000,5
77400,5
14470,5
52108,5
40000,5
105044,7
24347,5
58000,5
49663,7
17000,5
13418,5
117080,5
74000,5
86514,5
66882,5
41460,5
57000,5
34010,5
96813,8
84000,5
50004,5
67995,7
55000,5
14900,5
70961,5
40194,5
96000,5
35000,7
50000,5
50000,5
26299,5
150386,7
60000,5
65000,5
80000,5
92000,5
13000,5
73278,5
38000,5
46936,5
55000,5
19000,5
42259,5
14000,5
16956,5
15473,5
75000,5
96000,5
25000,5
38000,5
54000,5
4131,5
31700,5
66988,7
54230,5
35000,5
62714,5
45295,5
7000,5
57000,5
40100,5
56000,5
15000,5
14000,5
68000,5
83000,5
81504,5
73500,7
52900,5
20000,5
46000,5
65000,5
42000,5
36681,5
67000,7
18000,5
56409,5
65263,7
20300,5
45008,5
21799,5
57328,5
35358,7
46946,5
39772,5
58000,5
52000,5
152000,5
42700,5
60000,5
33195,5
110000,7
52000,5
64399,5
55000,5
50000,5
33485,5
32000,5
71400,5
41713,5
46000,5
52950,5
29500,5
63888,5
60000,5
59196,5
121362,7
78000,5
59000,7
95000,5
84000,5
58253,5
64557,5
24500,
68078,5
149706,7
215750,10
25984,5
15544,5
34000,5
24000,5
95000,5
52000,5
135000,5
39000,5
45306,4
140000,7
55000,5
67415,7
25562,5
30292,5
84056,5
62691,5
87000,5
52513,5
43983,5
90121,5
50000,5
42500,5
62192,5
128000,5
38394,5
37287,4
60000,5
39419,5
55000,5
7000,5
85000,5
51000,5
90000,7
105000,8
36458,5
109000,5
49000,5
8000,2
45000,6
68000,5
54000,5
28000,5
38500,5
17738,5
67132,9
47000,5
28005,5
13000,5
67000,5
50000,5
55000,7
9312,5
30458,5
46000,5
50000,4
36676,5
72563,5
67000,
58239,5
57934,8
6500000,5
63000,5
27014,5
90906,5
61202,7
51000,5
88008,7
55000,
160000,5
42591,5
67000,5
48000,5
97000,5
10000,5
56900,5
74483,5
36152,5
85512,5
234000,8
36000,5
36096,7
111111,5
73000,5
44300,5
74500,5
21495,5
59000,5
23000,5
50135,5
25000,5
47000,5
150000,9
53503,5
47003,5
80000,7
20492,5
17000,4
79000,5
27000,5
28786,5
143354,7
56000,
21000,4
29202,5
73000,5
74000,5
65423,5
65000,5
83875,5
55277,5
50808,7
52000,5
32000,5
25000,5
23218,5
84000,5
40000,5
17000,5
25135,5
65000,7
40000,5
24500,7
56674,5
51950,5
51000,5
150000,5
114750,5
107890,7
64000,5
21460,5
29634,5
52000,5
33000,5
89230,7
27000,5
72524,5
73000,5
21740,5
59000,7
83432,5
87200,7
88000,5
48324,5
51000,5
24000,5
20773,5
22000,5
66355,5
115800,5
41125,5
43812,5
69876,5
102000,7
68000,5
12000,4
25000,5
51873,5
72500,5
83000,5
39871,5
82000,7
23152,5
71600,5
122000,7
29277,5
60000,5
42000,5
61823,5
53000,5
75000,5
110000,5
38446,5
33000,5
42118,5
70000,5
68038,5
55012,5
55000,5
25000,5
46808,5
65743,5
64466,5
75648,5
80000,5
69000,5
79200,5
29477,5
40000,7
25000,5
67668,5
78000,5
30000,5
70623,5
54000,5
48000,5
62000,7
47000,5
171000,7
108000,5
41000,5
66000,5
144000,5
23806,5
89000,5
38852,5
68737,5
23106,5
31250,7
77795,8
47759,5
67620,5
44378,5
64709,5
76161,5
58410,5
72000,7
11000,5
45362,5
59767,5
70000,5
14233,7
72000,5
11000,5
39000,5
19855,5
20149,5
70000,5
62004,5
25500,5
68800,5
61700,5
59660,5
69775,5
51787,5
88000,5
47052,7
69749,5
79000,7
39644,5
137800,5
120000,5
11000,5
18600,5
116905,5
32824,5
19148,5
35008,5
21000,4
53000,5
36000,5
56121,5
30000,5
31021,5
52600,5
60000,8
44001,5
101000,5
84169,5
14001,5
100000,5
59000,7
29000,5
64158,
38800,5
98000,7
20969,5
2900,5
69000,5
5833,5
28733,7
145000,5
71000,5
12000,5
21603,5
65000,
58000,5
39000,5
37712,7
68000,5
25000,5
30000,5
68218,5
52000,7
63591,5
57937,5
21979,5
99000,5
62000,5
127001,8
84600,5
30953,5
78000,5
85000,6
79000,5
79000,7
48188,5
67557,5
103814,5
45128,8
56075,5
166000,8
65367,7
114708,8
35082,5
38593,5
70700,8
83000,5
120000,10
91586,7
38235,5
37000,5
50888,5
44000,5
54000,5
90000,5
35000,5
47324,5
65148,5
57773,5
87000,5
179032,7
8000,5
77000,5
20600,5
13198,5
21000,7
38000,5
15379,5
60000,5
70000,5
75371,5
60000,5
30675,5
22000,5
55000,5
74213,5
15000,4
57000,4
62144,5
50000,5
38000,5
30000,5
38735,5
23598,5
70000,5
39000,5
84175,5
45000,5
59302,5
55002,5
128813,5
46522,5
180000,5
89326,5
54000,5
95000,
66337,5
60000,5
38001,5
73000,5
61000,5
120000,7
71787,5
11554,5
90000,5
48104,5
91000,5
58815,5
33931,5
13916,5
90400,5
14000,5
121000,5
17560,5
60000,5
88096,5
178280,8
19963,4
1000,5
8000,5
9200,7
29000,5
27000,5
22900,5
50000,5
60207,5
101119,5
42000,5
93000,5
60000,5
66122,5
25100,4
24733,5
41000,5
30000,5
36000,5
40279,7
46805,5
60000,5
100000,5
32986,
51530,7
81456,5
37229,5
73200,5
71826,5
129000,5
82000,5
40459,5
61964,5
15466,5
23000,7
43766,5
54000,5
18521,5
26400,5
31900,5
39000,5
45671,5
39500,5
54000,5
20000,5
55000,5
48000,5
70000,5
62000,5
41994,5
108882,5
24806,6
160000,5
30000,7
51000,5
64876,5
70536,5
25299,5
89869,8
103515,7
68282,5
60033,4
51921,5
18414,5
40866,5
55001,5
20469,4
8500,5
45000,5
6000,5
11000,5
80064,5
29930,5
49105,5
55000,5
23000,5
54727,5
31426,5
53442,5
28000,5
13412,5
70000,5
81310,5
13574,5
75000,5
58310,5
90000,5
83000,5
37282,5
23000,5
82000,5
31000,5
200000,
45001,5
50446,5
89000,5
72000,5
90000,5
76000,7
78401,5
38426,5
45000,7
83000,5
50170,5
37822,5
33517,5
110000,7
60000,5
92408,5
45000,5
33793,5
26327,5
20604,5
61386,5
11500,5
58000,5
38000,5
49000,5
72202,8
7000,5
20000,5
14061,5
30706,5
51387,7
44000,5
12208,5
55000,5
61600,5
28414,5
27853,5
55116,5
26000,5
45496,5
76000,7
136000,5
100000,
38127,5
82450,5
62497,5
86732,5
27969,5
66372,7
73525,5
20689,5
25093,5
49176,8
87510,5
38214,5
48986,6
88000,5
69002,5
43706,5
58671,5
49404,7
72000,8
24000,5
53285,5
12000,5
45000,5
26234,5
55000,5
90000,5
48000,5
19863,5
55000,5
4800,5
38607,5
3958,5
74000,5
54540,5
58400,5
73648,7
83000,5
16159,5
150000,5
22100,5
35043,5
24000,5
480000,5
70000,5
13769,5
58000,5
58000,5
18705,5
32378,5
45000,5
36836,7
54199,5
36935,5
23000,5
14000,5
100073,5
59182,7
72132,7
79000,5
66930,5
100000,7
43000,
27413,5
90000,5
40300,5
73783,5
86000,5
65694,5
23000,5
51000,5
18335,5
36000,5
25000,5
81000,8
21719,7
75421,5
80000,8
10671,5
4126,5
98500,5
61578,5
54000,5
70998,5
40082,5
50619,5
103905,5
15334,5
69000,5
75160,5
44753,5
53024,5
23840,5
81298,5
59000,5
51806,5
56000,5
29279,5
33550,5
62000,5
66000,5
46630,5
72566,5
51482,8
90000,5
69000,7
90000,5
39000,5
110000,5
68022,7
27852,5
58291,5
68439,5
150000,8
14000,5
71558,5
48000,4
65800,5
53000,5
14600,7
34429,7
52000,5
25470,5
22000,5
75000,5
95995,5
26877,5
26000,5
140000,5
95291,5
135000,8
32000,5
68333,5
72000,5
52100,5
10000,5
6261,5
3906,5
55960,7
144000,5
38000,7
51000,5
150000,5
2500,7
41661,5
64000,5
80000,5
30000,5
43000,5
90000,5
123880,5
42000,5
79824,5
75000,8
72411,5
63000,5
53713,5
18000,8
51000,5
86700,5
29000,5
56000,5
33000,5
64394,5
76000,5
48719,5
59711,7
83000,5
10714,5
127510,5
35010,5
75451,5
83000,5
38755,5
30000,5
40000,7
19500,5
41000,5
30000,5
37000,5
62000,5
42023,5
51001,5
55389,5
46728,5
58995,7
37857,5
71000,5
49024,5
10770,5
72000,5
91000,5
14000,5
48000,5
75136,5
32500,5
94500,5
34900,5
42400,4
50000,5
35000,5
37000,5
32807,5
119000,5
12000,5
46727,5
73336,5
9000,5
240000,8
25422,5
14000,7
66000,5
55324,5
90000,5
43000,5
58483,5
93000,5
50000,5
78616,5
37000,5
54801,5
29000,5
68000,5
58000,5
64290,5
31000,7
16039,5
19860,5
48500,5
75391,7
78000,5
78000,5
52000,5
30000,5
19254,5
29651,5
80000,7
2971,4
21400,5
77000,5
80000,7
81755,5
99593,7
39791,5
113000,7
24000,5
39000,5
37000,5
61108,7
61648,5
37000,5
53000,7
65000,5
120000,5
148009,7
53001,5
22345,5
50000,5
48183,5
93000,5
53500,5
17585,7
36226,5
25899,5
60170,5
11200,5
49045,5
45000,5
40000,5
36600,5
117000,5
16000,7
50000,5
150000,5
11000,5
102016,5
38000,5
71491,5
46354,5
87000,5
20765,5
58000,5
51076,7
84085,5
55000,5
73000,5
50001,5
93166,7
99583,5
72000,5
70000,5
61000,5
66510,5
84062,5
80799,5
5000,5
92000,8
53000,5
39822,5
29000,7
24214,5
75000,5
77216,5
74290,5
61000,8
44000,5
74041,8
85846,5
52000,5
47000,5
72010,5
15000,8
480000,5
24720,5
75000,5
57000,5
41057,5
92000,5
20000,5
52359,5
17000,5
39002,5
129986,5
45000,5
41300,5
82002,5
67000,5
21260,5
55362,5
13000,5
45725,5
105000,5
156056,8
135000,5
67000,7
90000,7
32251,5
47000,5
75308,5
44202,4
58000,5
60000,5
45000,5
41195,5
89000,7
60510,5
8500,5
35981,5
23152,5
74663,5
61529,5
91596,7
14298,5
83327,5
22857,5
34620,5
56000,5
81000,5
95150,5
32776,5
51587,5
36000,7
22000,5
30754,5
37109,5
45000,5
33284,5
55115,5
18000,5
130790,7
16607,5
32205,5
67000,5
57676,5
41000,5
65000,8
12153,5
16810,4
61221,5
22000,5
63714,5
14857,5
69000,5
14648,7
100000,5
22000,5
10000,5
107000,5
48198,5
15000,5
80073,5
85388,5
14700,5
150000,5
34994,5
82536,5
82000,5
52000,5
20000,5
55000,5
47001,5
52000,5
43284,5
23875,5
51866,5
69000,5
62788,5
150000,5
47566,7
67000,5
20300,7
48300,5
30000,5
36000,5
27641,4
60000,5
9000,7
60750,5
9000,7
41100,5
60000,5
38424,5
50000,5
19000,5
58734,7
65257,5
130000,5
79000,5
78000,7
49133,5
22769,5
54448,5
158793,7
62088,5
14800,5
26000,7
32005,5
35000,5
52000,5
11000,5
62000,5
65134,5
71000,7
51366,5
46300,7
60908,5
93450,5
104000,5
52000,4
42999,7
90000,5
72000,5
54321,5
59630,5
116000,7
34000,5
70000,5
80000,5
110000,5
56454,5
60000,5
56000,5
63000,5
63000,5
15050,5
29401,5
25238,5
79000,5
58752,5
62000,5
132000,5
51000,5
185200,8
61717,5
8896,5
17000,5
31378,5
114000,5
81000,5
31000,5
35000,5
60001,5
75074,5
80000,5
147350,8
60000,5
7501,4
58000,5
29277,5
57034,5
40810,5
35268,5
81000,
34630,5
45122,5
126000,7
63000,5
32298,4
63288,7
43337,5
46561,5
34000,5
48000,5
56263,5
84060,5
9000,5
79000,5
87900,7
72425,5
38000,5
83000,5
107000,5
51000,5
140000,7
48000,5
62000,5
31000,5
75055,5
51210,5
87000,7
17000,5
57000,7
9370,5
53226,5
120000,5
75055,5
37247,5
64000,5
12000,5
40158,5
11000,5
70010,5
82000,7
57259,7
84000,5
168000,7
73670,7
89540,7
85423,7
48823,5
35082,5
126000,5
19000,5
69000,5
29836,5
48002,5
52324,5
65000,5
66000,5
75700,5
43000,5
42706,5
35000,7
54348,5
84000,5
63298,5
75049,5
24237,5
22767,5
58000,5
57000,5
50161,5
45000,5
68319,7
30711,5
38277,5
115000,5
46849,5
64000,5
130923,5
15000,5
32720,5
12500,5
59800,5
54211,5
62242,5
54000,5
65000,5
55000,5
71000,5
70000,5
53000,5
43000,5
54000,5
51000,5
78000,6
25000,5
12600,5
80000,5
21000,5
32000,5
50000,5
47500,5
7500,5
68163,5
61000,5
100000,7
61500,5
42883,5
97000,5
39525,5
35384,5
46000,7
32189,5
27000,5
22734,5
58002,5
31500,5
30933,5
27090,5
29500,7
45000,5
11691,5
121000,5
118077,5
36300,5
90000,5
78000,5
42000,5
27000,5
22000,5
49000,5
42600,5
12794,5
125000,
88046,5
8000,5
82739,7
193000,7
7000,5
60000,5
38000,5
56344,5
17858,5
53000,5
67906,5
19000,5
67000,5
80000,5
61000,5
39000,5
59000,5
80931,5
34000,5
130000,5
52380,5
44000,5
84000,5
41697,5
163000,5
42000,5
129000,5
32200,5
129000,6
40000,5
150000,8
140000,5
63181,5
39575,5
63600,5
70374,5
26256,5
13460,5
122000,8
58589,5
115000,5
75000,7
30292,5
32248,5
74000,5
56100,5
61325,5
33000,5
18090,5
71390,5
41000,5
67000,5
99000,5
142000,5
26966,5
27628,5
82497,5
86000,5
26981,5
110471,5
69000,5
12000,5
77500,5
48031,5
170000,5
69565,5
45492,5
85000,5
55902,5
18500,5
129750,7
50902,5
84725,7
40000,5
60000,5
33496,5
25000,5
71000,8
20826,5
42244,5
98598,5
62100,7
44238,5
91743,7
19828,4
36891,5
90049,7
74002,5
41000,5
83678,5
91000,5
50000,7
58000,5
80000,5
41290,7
65000,5
16471,5
54339,5
24025,6
24027,5
59270,5
40000,5
155566,6
42320,5
24153,5
27000,5
92000,5
61795,5
13500,6
4500,5
23000,7
65400,5
80578,5
42646,5
30000,5
90000,
98000,5
66400,
50000,4
63310,5
66000,5
74000,5
93000,5
70000,7
48772,5
66000,5
27417,5
51593,5
86340,5
75000,5
39237,5
11966,5
37000,5
70920,5
65280,5
62000,7
44525,5
86863,5
102626,7
45000,5
22000,7
108905,8
12800,7
32000,7
39000,5
42000,5
73000,5
48000,5
18000,4
19000,5
33598,7
63000,5
48000,5
66000,5
80000,7
37000,5
35058,5
52000,5
61313,5
45000,5
74000,7
89000,5
13414,5
95000,5
15900,6
151000,7
65000,5
36824,5
65287,5
52000,5
33000,5
71000,5
71000,5
20000,5
71000,5
29000,4
27000,5
19000,5
58000,5
42203,5
94000,5
52000,5
4900,5
70000,5
100000,5
65266,5
54569,7
51361,5
125000,5
66000,5
65047,5
22281,7
63210,5
31000,5
60000,5
32006,5
78000,5
9489,5
5000,5
60000,5
50000,5
53000,5
64000,5
43827,5
36431,5
35000,5
94832,5
88381,5
45194,5
66000,5
38578,5
40000,7
20632,5
73042,5
54257,5
93000,5
102000,5
28881,7
52195,5
20422,5
38000,5
92885,5
43000,5
70478,5
57000,5
32434,5
32000,5
59000,4
76467,5
100000,5
37086,5
135000,5
54862,5
67758,5
56200,5
169006,7
20229,5
62000,5
51500,5
69000,5
167000,5
62476,5
60500,5
17978,5
300000,5
123000,5
45296,5
77325,5
25858,5
120000,5
22000,5
11000,5
3900,5
106092,5
27000,5
11000,5
39753,5
39800,7
73000,5
55000,5
18351,4
45000,5
112200,7
29000,5
57309,5
53392,7
71000,5
93000,7
119000,5
42225,7
65000,5
27809,5
65100,7
51000,5
10000,5
54895,5
80768,5
12076,5
49000,5
42366,5
68000,5
122397,5
50534,5
55300,5
73095,5
51100,5
13436,5
76000,5
63141,5
74885,5
14000,5
56000,5
46000,5
51800,5
81000,5
17370,5
18456,5
59000,5
141537,5
51000,5
29311,5
31000,5
80000,7
33000,5
71556,5
85000,5
91000,5
73187,5
232000,7
127079,7
58816,7
63818,5
40000,5
77445,5
14000,5
85122,7
123000,5
61000,5
63714,5
53000,5
60000,5
33000,5
31000,5
79000,7
67914,5
58970,5
60000,5
35225,5
69496,5
62282,5
80000,5
43698,5
28052,5
29091,5
63000,5
91000,5
30000,5
24571,5
45000,5
24617,5
26927,5
87736,7
35299,5
51612,5
55300,5
65090,5
40000,5
38467,5
71904,5
87000,5
33000,5
22100,4
59589,5
44000,5
12000,5
66000,5
38009,5
35000,5
70000,7
86000,7
32000,5
15000,5
69918,5
39000,5
1011,5
85000,5
46663,5
27000,5
15000,5
10575,5
12500,5
52000,5
49818,5
90000,5
52207,5
167362,7
49894,5
13024,7
128000,5
26023,7
42784,5
115000,5
30529,5
14814,5
58000,5
68128,5
63220,5
30000,5
27768,5
53000,5
87652,5
94873,5
56000,5
18678,5
30000,5
129000,
59000,5
13000,5
74325,5
45000,5
57000,5
125943,5
80000,5
154000,7
62000,5
27000,
45000,7
105000,7
26000,5
30900,5
48000,5
112719,5
5000,5
16000,5
63000,5
28300,5
49000,5
12501,5
56628,5
105000,5
52126,5
38000,5
50000,5
50230,5
31000,7
79000,7
130000,5
115000,5
41500,5
54385,5
56361,5
22000,5
8000,5
28741,5
117236,7
30500,5
5000,5
42000,7
32773,5
19008,5
32542,5
94753,5
70000,8
68347,5
72000,5
75014,5
65000,5
55598,5
50000,5
44200,5
65000,5
49000,7
7200,5
43152,5
112000,8
23540,5
82160,5
57000,7
39335,7
62000,5
60000,5
35000,5
32345,5
47000,5
65537,4
36000,5
75000,5
38000,5
57818,5
45000,5
75055,5
65462,5
76206,5
25948,7
28500,5
28004,5
25000,5
40000,
82543,7
30000,5
27800,5
33415,5
38000,5
41981,5
77084,5
71803,5
73314,7
69053,5
79782,5
250000,7
90000,7
130000,5
65000,5
46496,5
76000,5
28002,7
63000,5
70000,4
66276,5
45000,5
67000,5
43068,5
40000,8
50436,5
21000,5
2000,5
14500,5
68782,5
35888,5
168205,5
47000,5
93700,7
45000,5
55547,7
69000,5
88000,5
32400,5
79000,5
110000,5
45407,5
136490,7
19000,5
19416,5
15500,5
12538,5
62588,5
44328,5
63000,5
100000,5
103000,5
50296,7
95500,5
72100,5
19119,5
30000,5
75600,5
137000,5
53500,4
26101,5
7000,5
50000,5
30000,5
38151,5
116000,5
22000,5
60000,5
38000,5
51928,5
3000,5
67196,5
100000,7
65218,5
53886,5
50058,5
64000,5
41641,5
44345,5
45501,5
104000,5
50297,5
87000,5
120000,7
17000,5
100000,5
50979,5
41000,5
24000,5
44738,5
37298,5
42000,5
45000,5
102000,7
70000,5
27467,5
15305,5
70000,5
36778,5
25845,5
33858,5
12000,5
33709,5
32709,5
72000,7
31000,5
70000,5
61000,5
72000,5
49000,5
42939,5
32545,7
54000,5
76000,4
27000,5
120000,8
125000,0
37000,5
42000,5
60000,5
3000,5
44000,5
37000,5
50000,5
58581,5
25500,5
25000,5
53766,5
45271,
68000,5
40000,7
73212,5
69000,5
61932,5
52000,5
150000,5
70933,5
115195,5
62148,5
32000,5
58000,5
68598,5
84072,5
51264,5
21363,5
40000,5
35000,5
55000,5
43252,5
42000,5
69000,5
14000,5
70000,5
35314,5
38691,5
72717,7
82000,7
44000,5
27000,5
18500,5
45000,5
173000,5
42000,5
90000,5
82329,5
80302,5
105000,5
60000,5
70000,5
45000,5
44000,5
25500,5
68000,5
61786,5
65000,5
77000,5
34000,5
59751,5
23312,4
30000,5
60146,5
44731,5
43316,5
92000,5
50000,5
69000,5
60280,5
48161,5
41000,5
6000,5
133000,5
76000,7
15590,5
69681,5
70362,5
49112,5
25000,5
74000,5
15200,5
86300,5
26731,5
74000,5
83929,5
65000,7
20000,5
122086,5
35442,7
62542,5
26671,5
83500,5
46166,5
25200,5
35463,5
23249,5
40310,5
82069,5
10000,5
94000,5
45000,5
52818,5
61238,5
54253,5
71000,5
20000,5
75000,5
11827,6
51579,5
65178,5
25350,5
92000,5
45000,5
46000,5
79940,5
28851,5
63000,5
77283,5
38958,5
8900,6
38000,5
44887,5
85000,5
100000,5
26239,5
97000,5
28000,5
20364,5
64637,5
15731,5
56251,7
28000,5
20045,5
34004,7
21000,5
68001,5
31000,5
8950,5
43477,5
20000,5
47200,5
60000,5
111000,5
52000,5
26000,5
32425,5
54758,5
59833,5
30000,5
40496,5
45000,8
75000,
34000,5
62000,5
123600,7
80102,5
55000,7
48200,5
90000,5
123900,5
13008,5
60500,5
53841,7
47183,5
10000,5
45000,7
3923,5
85000,8
6279,5
74500,5
42000,5
56510,5
88000,5
36631,5
34000,5
49000,5
65254,5
95000,5
83000,5
101065,5
15134,5
72000,5
120000,5
45000,5
54996,4
22874,5
58000,5
86000,7
69000,5
55001,5
28000,5
53213,5
44340,5
16900,5
57000,5
83165,8
24735,5
65175,8
60000,5
60357,6
77000,5
85301,8
50000,8
58000,5
39000,5
46190,5
83000,7
33000,5
27279,5
53900,5
63998,5
57932,5
25000,5
169000,5
53000,5
43053,5
75000,5
89000,5
75578,5
46676,5
51349,5
34233,5
39626,4
82500,5
63000,5
77001,8
43000,7
61111,5
79000,
43000,5
47000,5
34000,5
22060,5
63000,5
80000,5
13506,5
16000,5
31006,5
91200,8
43000,5
45000,5
28637,5
69870,5
84000,7
84143,5
77000,8
75000,5
76155,5
98000,5
48233,5
63000,5
34063,5
32576,5
28843,5
26000,5
39000,5
66000,5
38002,5
49000,5
52000,5
56500,5
20568,5
26000,5
56000,5
27509,5
36216,5
28888,5
120000,5
31396,5
79000,5
62000,5
120000,5
53000,5
124313,8
26725,5
45617,7
37000,5
109147,8
59000,5
28000,5
4700,5
72469,7
57539,5
42000,7
62489,5
51167,5
130000,5
63000,5
60000,5
123200,5
115692,5
87073,5
40901,5
36264,5
60000,5
20000,5
68400,5
71231,7
75000,5
1997,5
47300,5
61449,5
47910,5
62000,5
65060,5
82203,5
44000,7
53817,7
61591,7
86500,5
100000,5
87000,5
35000,5
6000,5
59327,5
81001,5
44612,5
42388,7
54000,5
83010,5
65405,5
36000,7
85000,5
35000,5
54000,5
70000,5
27001,5
41075,5
26000,6
55000,5
19000,5
15000,5
37000,5
38712,5
52400,5
23988,5
32283,5
52000,5
32000,5
39000,5
14149,4
103000,5
82000,5
34000,5
45180,7
2000,5
82321,7
7000,5
27000,5
31271,8
55000,5
24000,5
147000,7
72351,5
115000,5
82000,5
20000,5
45560,5
57539,7
20004,4
54500,5
27886,5
66000,5
72202,5
70000,5
78233,5
120203,7
20575,5
39879,5
31056,5
50940,5
99362,5
54000,7
54268,5
94521,5
38932,5
60395,5
29000,5
58000,5
60913,5
65000,8
26000,5
19947,5
70816,5
54000,5
138000,5
35000,5
50000,7
124652,5
80264,5
125600,5
49000,5
111000,5
33690,5
50000,5
38092,7
47774,5
167000,5
65000,5
46000,5
16500,5
39000,5
6000,5
60000,5
97320,5
99807,5
46000,5
12000,5
13002,5
26000,5
68365,5
27833,5
51639,5
21000,5
90000,5
36255,5
58000,5
48997,5
31130,5
75668,5
12000,5
90000,5
17320,5
85000,5
130000,7
60328,5
34327,5
75000,5
86000,5
12000,5
57759,5
24300,5
66000,5
75915,5
107000,5
86000,5
160000,5
3000,5
72495,5
33000,5
60000,7
80103,5
42100,5
4500,5
97000,7
50000,5
51223,5
64000,5
56911,5
147848,8
21290,4
14076,7
75180,5
92000,5
57266,5
64000,5
41000,5
45999,6
50000,5
70000,5
37540,5
44000,5
22500,5
17431,5
61566,5
61730,5
68000,5
29000,5
156210,5
46500,5
52830,5
39867,5
58972,7
66000,5
52000,5
58000,7
58000,5
75000,5
41008,5
65000,5
19000,5
74000,5
33000,5
95000,5
34000,5
102865,7
52378,5
38000,5
60334,5
107000,5
445000,5
2196,5
24000,5
44846,5
64035,5
45600,7
102001,7
47439,5
193254,7
29000,4
51681,8
50000,7
42666,5
65000,5
18776,5
6714,5
40000,5
88539,5
65055,5
23000,5
60000,5
59350,5
19000,5
45560,5
118000,8
55000,7
60000,5
145000,8
46810,5
62767,5
18553,5
143143,5
53497,7
148000,7
95000,7
100000,8
29000,5
87000,7
56838,5
100000,7
125000,5
17000,5
70000,5
50000,5
39800,5
60000,5
58000,5
110009,5
85000,5
84000,5
51000,5
68880,5
5500,5
40052,5
47293,5
79663,5
63000,5
45000,5
56501,7
58000,5
51602,5
74199,5
25000,5
70000,5
25000,5
22000,5
47020,5
8000,5
73000,7
36973,5
42083,4
61000,5
43628,5
60000,5
54000,5
27001,5
52000,5
80000,5
160000,6
3300,5
35027,5
26568,5
59000,5
51000,5
56400,5
80000,5
72000,
107000,7
100000,5
59998,5
105000,5
36000,5
24350,5
28973,5
8243,5
136642,5
60000,5
100000,8
48689,5
45000,5
38163,5
43800,5
92000,5
14064,5
42366,5
76551,5
72672,5
45000,5
91696,7
66484,5
15456,5
55000,5
21112,5
98000,
61297,5
80000,5
59000,5
150000,5
60083,5
85450,5
88000,5
81828,5
18000,5
15000,5
34000,5
46000,5
48158,5
93000,5
71007,5
63067,5
70259,5
13000,5
140000,5
130000,5
89401,5
67000,5
65329,4
72000,5
70000,5
82000,5
85000,5
83000,5
26000,5
27000,5
37746,5
63274,5
25000,5
197000,7
45010,5
75348,5
90110,5
102013,5
36000,7
37578,5
46001,5
46559,5
48000,8
46000,5
15000,5
85000,5
32000,5
60818,5
35188,5
110000,7
61000,5
75000,5
55000,7
69966,5
42000,5
48000,7
35000,5
128000,8
78000,5
53080,5
66000,5
25000,7
36139,5
44000,5
50000,5
81177,7
26000,5
100000,5
75000,5
119859,5
55980,5
30000,5
49700,5
79000,5
65100,5
54161,7
28619,5
9000,5
42876,5
64000,5
20488,5
21000,5
119203,5
55987,5
72668,7
32000,5
3000,2
10400,5
35000,5
55101,5
57464,5
110000,5
17941,
72000,5
16000,5
62020,5
85000,5
14223,5
41210,5
20000,5
18043,5
80000,7
21000,5
49000,5
104000,5
95000,5
32000,5
80000,
122800,5
78000,5
69000,5
65000,5
23000,5
70000,5
250000,8
56000,5
30000,5
35000,2
92250,5
40000,5
96848,5
42000,5
55886,7
12336,5
60000,5
83000,5
24000,5
32198,5
92247,7
121311,5
66296,7
41000,5
38681,7
43761,5
17400,7
61510,5
60000,5
35165,5
41617,5
45000,5
65000,5
68000,5
49000,5
16698,5
30965,5
56058,5
15356,5
54000,5
47000,5
21652,5
52000,5
35010,5
76662,5
89000,5
80000,5
39023,5
62000,5
78046,5
34400,5
64624,5
69192,7
55000,5
81000,5
36733,5
24310,4
43022,5
74000,7
47000,5
37460,5
130000,8
31576,5
66000,5
79000,5
47140,5
36610,5
93000,5
52195,5
20003,5
66314,5
76000,5
29000,5
30000,5
56526,5
38000,5
41000,5
53000,5
125000,5
242000,7
90000,5
11000,5
21936,5
41000,5
47000,5
110000,5
45960,5
48000,5
68000,5
41000,5
69573,5
115000,5
47629,7
66624,8
80000,5
94868,5
76477,8
28000,5
28599,6
45348,5
80127,5
68000,5
75000,5
48000,5
41871,5
84931,7
15000,5
110000,5
5900,4
103653,5
64806,5
35000,7
40000,5
23876,5
67901,7
68865,5
71000,5
95000,5
25000,5
180000,5
131000,5
65000,8
117777,5
65000,5
46897,5
36695,5
43000,5
54000,5
89000,5
7000,5
58470,5
37000,5
29000,5
52000,5
32807,5
86000,8
66500,5
94000,5
29000,5
107389,5
36100,5
16329,5
36000,5
41816,5
54680,5
14000,5
23977,5
30131,5
2530,5
39000,5
140000,5
32257,5
46983,5
107000,5
19000,5
88000,5
84384,7
128000,7
71000,7
50000,5
16000,5
82000,5
80000,5
36000,5
17477,5
16725,5
48241,5
52431,5
68000,5
158000,7
31446,5
25000,5
57000,5
76000,5
57078,5
47471,5
50000,5
62000,5
65807,5
81768,5
9952,2
24000,5
72921,5
59000,5
33000,5
36789,5
41000,5
71000,5
46650,5
3000,5
14799,5
44000,5
68525,5
15000,7
29000,5
77407,5
118000,5
75000,5
69000,5
52553,5
58000,5
24000,5
65542,5
68008,5
22251,7
55000,5
19387,5
58000,5
24001,5
17000,5
28500,5
66000,5
22000,5
44383,5
45000,5
58000,5
69000,5
60993,5
67000,7
51134,5
55000,5
25082,5
68350,7
50000,5
97000,5
56238,7
72618,7
62005,5
61250,5
28469,5
21488,5
197000,5
138205,7
160000,5
67590,5
52000,5
100000,5
60048,5
48000,5
47000,
100000,5
62601,5
80010,5
26493,5
96000,5
45700,5
13000,5
38000,5
8018,5
144400,8
152000,5
71000,5
80000,4
87143,8
25000,5
2000,5
45239,8
101999,5
74219,5
25000,5
109606,5
36000,5
41810,5
93321,5
81000,5
25717,5
37000,7
56380,7
8000,5
14589,5
65088,5
24864,5
64831,5
38001,5
77000,5
27000,5
39000,5
131000,5
43000,5
68000,7
45165,5
120000,5
86091,7
71499,5
50000,7
66000,5
45000,5
69189,5
40206,5
36723,5
57500,5
43912,5
52000,5
60952,5
87192,5
58000,5
59500,7
16650,5
34696,5
42243,5
57824,5
110000,5
63000,
72000,5
63455,7
17151,5
31001,5
42109,5
55000,5
46000,5
30852,5
65000,5
65000,5
72000,5
29000,5
32000,5
29875,5
32539,5
83090,5
62679,5
93000,5
44000,5
78400,5
71300,5
18000,5
24013,7
99100,5
62000,8
14000,5
44811,5
44000,5
136000,7
144113,7
94989,5
58133,5
61000,5
27000,5
18050,4
145277,5
42000,5
86000,7
42150,5
30158,5
47000,5
39000,5
32125,5
58829,5
67559,5
55000,5
30000,5
28000,5
31826,5
64000,5
100009,5
17201,7
74345,7
58134,5
30566,5
55231,5
67774,5
50319,5
45000,5
43627,5
45000,5
10500,5
21789,5
21134,5
90000,7
51553,5
31000,5
67422,5
60519,5
34000,5
68434,5
17000,5
43686,4
22000,5
79225,5
63000,5
61922,5
85000,5
26192,5
65000,7
44999,5
81308,5
35000,5
65349,5
80000,5
61000,5
31817,5
41000,5
82606,5
52000,7
50318,5
50000,5
72000,5
63776,5
28133,5
45000,5
55697,5
62000,5
48000,5
90246,5
80500,5
119000,5
28541,5
45500,5
41000,5
58000,5
99000,7
31200,5
85000,5
60924,5
45000,5
44000,5
30534,5
46399,5
42000,5
67000,5
58000,5
27000,5
39566,5
14980,5
18491,5
90000,5
118211,5
63316,5
42000,5
25648,7
67612,5
33000,7
20000,5
143000,5
118218,7
99000,8
22700,5
28000,7
62000,7
107023,5
71082,5
60000,5
21701,5
56000,5
32450,5
12500,5
20483,5
45800,5
35441,5
86398,7
150000,5
89000,5
68375,5
52000,5
39000,5
68000,7
71000,5
72003,5
135670,5
65850,5
53920,5
58000,7
4000,5
58000,5
29832,5
71156,5
64687,5
54000,5
75000,5
39208,5
41000,7
38622,5
18000,5
52000,
45000,5
48656,5
79000,5
88000,5
92000,5
9000,7
50121,5
79000,5
46000,5
100000,5
41000,5
25000,5
71899,7
7100,5
38171,5
70359,8
200000,7
26969,5
56500,5
40000,5
41000,7
53105,5
23000,5
80999,7
82000,5
68557,7
34000,5
77000,8
48000,7
28232,5
110000,5
120000,7
49000,4
22000,5
14925,5
75000,7
23000,5
57000,5
76718,5
138000,5
140000,7
110000,5
126000,5
73000,5
63423,5
62132,5
51000,5
75000,5
55410,5
41000,5
45000,5
53322,5
48000,5
72000,5
50266,5
21800,5
45000,7
62000,5
41681,5
69313,5
49000,5
40471,5
60000,5
1001,5
38000,5
66000,5
33901,8
57000,5
170000,5
60000,5
85000,5
146000,5
56002,5
8554,5
62322,5
37929,5
5400,5
60000,5
55730,5
62000,5
14576,5
17000,7
28000,5
58200,7
53000,
12278,5
17665,5
200000,5
55893,5
60586,5
13500,5
30000,5
12000,7
65000,5
38000,5
25000,7
100000,5
13710,5
100000,7
17000,5
89000,4
100173,5
97000,5
40190,5
29647,5
43639,5
37333,5
48407,5
25000,2
72400,5
18000,4
65167,5
25418,5
38995,5
60000,5
72000,5
31075,7
4311,5
21000,5
54000,5
50000,5
13000,5
74000,5
75000,5
25000,5
139000,5
52000,5
20000,5
32663,5
76777,8
100303,5
43993,5
72118,8
83000,5
7523,5
34670,7
30000,5
17000,7
59261,5
65210,5
19000,5
50000,5
47000,5
75000,5
54534,5
13000,5
48808,5
63001,7
64771,8
34634,5
69242,5
33292,5
55000,5
1000,5
80000,5
65003,5
16573,5
152633,5
53000,5
50129,5
63716,5
11000,5
115000,5
63265,5
20000,5
79000,5
41000,5
26323,5
76000,5
69972,5
69000,5
65000,7
29512,5
51000,5
58003,5
56500,5
29063,5
46811,7
31897,5
52100,5
73000,7
31423,5
75180,5
75000,5
15000,5
12000,5
32000,5
44504,5
66000,5
39437,5
36931,5
17800,4
71346,5
45000,5
85155,5
48823,5
37000,5
92000,5
36000,5
24569,7
95000,5
25811,4
65000,5
100400,5
76414,5
82103,7
98000,5
45252,5
10300,5
42024,5
51236,7
52000,4
42894,5
68000,5
69000,5
10000,5
16000,5
46992,5
170000,5
58000,7
50000,5
39010,5
26946,5
28700,5
60000,5
38999,5
39000,7
7784,5
45710,7
42000,5
75995,5
57000,5
85350,5
82725,5
19000,5
13900,5
108000,5
36000,7
62188,5
58397,5
85000,5
30000,5
29907,7
46000,5
65000,5
22000,5
99024,5
34952,5
13913,5
71000,5
97000,7
21000,7
116000,7
110438,5
66507,5
54650,7
32000,5
75378,5
82697,5
135000,5
149000,5
26212,5
23500,5
56127,5
26000,5
26000,5
42000,5
130000,5
137148,5
114703,5
97439,5
40000,5
81609,5
28000,5
37500,5
37000,5
83000,5
79012,5
27395,7
35362,5
117000,7
23000,5
59508,4
69000,5
58000,5
88511,7
66000,5
65000,5
30676,4
76000,5
23627,5
52827,5
64465,5
14000,5
26000,5
78203,4
27000,5
31919,5
47392,5
17362,5
49716,5
48000,5
46000,5
79000,5
57000,5
29754,5
50123,5
57184,5
75000,5
26000,5
22129,5
127887,5
92000,8
60634,5
90000,7
59000,5
59293,5
80753,5
40000,7
103000,5
72389,5
48000,5
41000,5
26000,5
30000,5
74624,5
47877,5
35000,5
52123,5
90000,8
1400,5
122000,5
21110,4
78000,6
72000,5
48000,4
43486,7
199000,7
34000,5
37944,5
30000,5
64005,5
62000,5
105000,5
59885,5
144471,8
63991,5
72000,5
34895,5
97003,5
45000,5
45000,5
100000,7
70000,5
37023,5
81000,5
20789,7
68310,5
47250,5
47000,5
128000,5
17702,5
34987,5
37000,5
38271,5
32510,5
88000,5
116000,6
156000,5
75319,5
28000,5
16500,5
75637,5
32854,5
6568,5
30000,5
17804,5
69768,5
62404,5
97000,5
55687,5
17000,5
34232,5
135000,5
80000,5
31045,5
58000,5
35480,5
62287,5
46162,5
9200,5
55339,5
55476,5
68553,5
67376,7
42000,5
28069,7
93144,5
24300,5
47883,5
12467,5
56683,5
38000,5
35000,5
80000,5
125000,5
123000,7
70000,5
87982,5
40714,5
83000,5
86000,5
60002,5
60000,5
84677,5
23000,5
81424,8
36400,4
70000,5
40000,5
600,5
65320,5
79000,5
5000,5
6028,5
86000,5
160000,5
59967,5
43127,5
65727,5
70000,5
39861,5
16485,5
77332,5
17489,5
125000,7
35129,5
22982,5
54500,5
16235,5
73641,5
59572,5
112827,5
118000,8
60000,5
75059,5
3000,5
78000,5
47000,5
42000,5
6820,5
55176,5
39854,5
24000,5
55000,5
45840,7
155000,5
125000,5
52951,5
49000,5
52000,5
227000,8
120005,5
33000,5
126000,7
66700,5
122000,7
29000,5
42315,5
22001,5
84580,5
75000,4
85000,5
24296,5
40000,5
64514,5
35000,5
41000,5
60123,5
53000,5
9000,5
53497,5
68000,5
65000,5
45155,5
20026,5
60000,5
15976,5
30523,5
26300,5
66000,5
70000,5
46000,5
28000,5
46000,5
33000,5
27718,5
58000,5
33150,5
77000,5
70000,5
97000,5
75300,5
69918,5
4721,5
39163,7
80000,5
66000,5
36154,5
34000,5
60000,5
32000,5
79985,5
37600,5
31965,5
70749,5
38000,5
41534,5
54455,5
42000,5
52073,5
40175,5
16503,7
15029,5
26200,5
76362,5
18700,5
67585,7
57000,5
22321,5
95150,5
36428,5
73500,5
47234,5
62364,5
89000,5
58653,5
30000,5
64042,5
120000,5
90000,8
30733,5
43600,5
71473,5
39000,5
84045,5
57004,5
75464,5
142000,7
118683,5
42000,6
12800,5
80000,7
76126,5
21000,5
85000,5
27000,5
45794,7
57352,5
41467,5
42000,5
62549,5
67048,5
11732,5
37000,5
30000,5
53000,5
60000,5
65000,5
51000,5
92000,7
31000,7
43917,5
46707,5
84000,5
55662,7
51000,5
24398,5
78000,5
40315,5
83000,8
58151,5
30519,5
20712,5
48000,7
85000,5
32000,5
52000,5
58307,5
30000,4
40000,5
36000,5
58817,5
55000,5
39000,5
6500,2
35000,5
49900,5
99500,5
33249,5
52000,5
45000,7
22000,5
7858,5
112000,7
41082,5
72000,5
84912,5
70000,5
21000,5
27000,5
29000,5
48425,5
19000,5
210000,7
64000,5
200000,5
100000,7
69140,5
21214,5
28000,5
29085,6
30000,5
32910,5
30000,5
35102,5
22831,5
74911,5
21000,5
37160,5
41000,5
37294,5
56927,5
21954,5
50000,5
78212,5
64500,5
51000,5
52000,5
120000,5
65792,5
30000,5
54387,5
1617,5
82000,5
20000,8
98000,5
57000,5
250000,8
56549,5
78500,5
55036,5
55000,5
90000,5
155000,7
17810,5
42408,5
81000,5
52000,5
35000,5
60000,5
27000,5
55975,5
115000,5
132000,7
40337,5
192000,8
50000,5
28147,5
20000,5
11000,5
63000,5
36967,5
73053,7
16392,6
79000,5
67000,5
48600,7
70000,5
84000,5
49106,5
35000,5
51240,4
37000,5
32587,5
180000,7
21248,5
47200,5
40000,5
4000,5
23700,7
57000,5
37000,5
70000,7
92469,5
55000,5
20000,5
42000,5
28000,5
93000,7
23000,5
36000,5
52000,5
59245,7
31000,5
83000,5
81500,5
51000,
9900,5
94000,5
27100,5
12000,5
29000,5
65000,5
50794,5
59000,5
72000,5
15234,5
44000,5
125000,5
100000,7
34686,5
98000,5
90000,7
81000,5
55000,5
52910,7
100000,5
132000,5
18000,7
50000,5
33000,5
30000,5
8000,2
58646,5
21000,5
57026,5
42000,5
26741,7
85000,5
78000,4
29091,5
37323,7
55595,5
49900,5
52500,7
5700,5
53340,5
57000,5
59525,4
58000,5
73000,8
33554,5
106000,8
27000,5
1000,5
119000,7
75000,6
64000,5
63738,5
16000,5
28000,7
91000,5
25000,5
65630,5
48094,5
90456,5
140000,5
95000,7
79000,5
96000,7
186679,5
91000,5
109703,5
110000,5
35000,7
47722,5
25000,5
8000,5
65000,5
1048,5
42000,7
55000,5
72000,8
17773,5
65000,5
65000,5
53280,5
34005,5
14618,5
65771,5
78000,5
105545,7
25000,5
80561,5
6000,5
39000,7
55001,5
63720,5
70000,5
100000,5
15386,5
102486,5
58629,5
86000,7
68238,5
42036,5
55619,5
60000,5
30000,5
31150,5
70000,5
70290,5
10000,5
68010,5
91903,5
38000,5
67600,5
66800,5
37208,5
102002,5
68000,5
40000,4
33500,5
33746,5
53000,5
45004,7
70602,5
27365,5
100000,5
55000,8
46000,5
47000,5
40929,4
54493,5
34000,7
139000,5
29000,5
85609,7
59000,7
65000,5
66000,5
54684,7
78000,5
21000,5
90000,5
87628,5
45000,5
30788,5
39524,5
140000,5
15409,5
36502,5
200000,5
70000,5
36701,5
72000,
40000,5
47000,5
93500,5
52000,5
55429,5
133000,5
70000,5
68000,5
71000,5
121000,6
107000,5
51000,5
13500,5
13000,5
81000,8
66889,5
32000,5
87001,5
55000,5
4000,5
27778,7
5000,5
72000,5
21000,5
59299,7
75000,5
3413,5
62000,5
105001,7
89000,5
21000,5
50000,7
70687,5
104350,5
150000,5
81000,5
89000,5
35223,5
48000,5
60000,5
7000,5
47572,5
72727,8
4708,5
55000,5
44198,5
35000,7
63831,5
17540,5
14000,5
47000,5
75422,5
67000,5
79999,8
5044,5
31601,5
70000,5
16000,5
31700,5
76969,5
37000,5
23000,5
59098,5
142299,5
75731,5
69627,5
49000,5
25700,5
80800,5
110896,5
62261,5
27610,5
89219,5
6700,5
51599,5
37489,5
98000,5
25183,4
52100,5
60000,5
51000,5
70000,5
95000,5
66346,5
69150,5
31000,5
49000,5
63058,5
22000,5
73026,5
21762,5
29738,5
16053,5
61665,5
51000,5
34820,7
12000,7
32287,5
121134,5
74485,5
63000,5
53190,5
26900,7
40000,5
40587,5
27000,5
29108,5
18000,5
10500,5
60000,5
61000,5
5000,5
24001,5
76000,5
56000,5
30000,5
44263,5
97899,5
157301,5
135000,5
35000,5
106000,5
121590,5
64692,5
41000,5
25143,5
51000,5
109000,5
69062,5
34386,5
20185,5
41585,5
24000,5
40000,5
37000,5
67630,5
24192,5
32248,5
28000,8
36471,5
69689,7
69095,7
46000,5
65000,5
119258,5
38339,5
59503,5
93600,5
58865,5
64631,5
124298,5
50000,5
40001,5
62659,5
68138,5
34000,5
67000,5
64141,7
1000,5
42000,5
76677,5
66848,5
78000,5
111166,5
76000,5
94049,5
47000,5
140000,5
20047,4
16000,5
27000,5
1001,5
89312,5
65000,5
93000,5
48000,5
64917,5
19678,5
12000,5
41309,5
25038,5
68673,5
26343,5
81245,8
62100,5
104000,5
114831,5
46000,5
80000,5
9201,5
55311,5
58217,7
70655,7
46000,5
125000,5
59000,5
66000,5
82242,5
107281,8
196000,10
75000,5
11791,5
46000,5
81000,5
46950,5
18000,5
95942,7
42925,5
33750,5
14000,4
29000,5
67365,7
67791,7
20000,6
90198,5
77000,5
42520,5
87829,5
21701,5
86033,5
25000,5
45000,5
22987,5
48725,5
42500,5
35000,5
56000,5
10000,5
15669,5
55331,5
44535,5
74000,7
77901,7
58186,5
30000,5
90000,5
14730,5
40000,5
88107,5
53226,5
76000,5
200000,8
73000,5
77200,5
67000,5
150000,10
145278,8
62083,5
61696,5
28000,5
50142,5
45000,5
97513,5
55000,5
82000,4
71501,5
23000,7
66095,5
49500,7
90000,5
25384,5
27529,5
69297,5
66000,5
20000,5
67000,7
36933,5
194000,8
42200,7
53093,7
88000,5
42954,5
106000,5
41700,5
34464,5
15000,5
70000,5
119256,7
50036,5
58000,7
75000,5
53313,5
73000,8
83989,5
86247,5
24000,8
58000,5
33000,5
100000,5
65896,7
120000,5
26000,5
62300,5
77801,5
42000,5
35000,5
30134,5
79038,5
80000,5
75000,7
80000,5
84419,5
70200,5
98000,5
131503,5
54652,5
92000,5
44287,5
205000,7
48000,5
18000,6
31200,5
72000,5
85000,5
27000,5
126000,7
50000,5
58811,5
52196,5
45105,5
25160,5
18000,5
74000,5
67700,7
61062,5
105000,7
155550,5
66000,5
93884,5
200000,5
57200,5
93568,5
54000,5
40571,5
59000,5
17273,5
100077,7
39934,5
46000,5
30842,5
65000,5
70000,7
150152,7
67038,5
43985,5
58598,4
100000,5
35000,5
84500,5
18006,5
99000,5
51200,5
130000,7
25000,5
32352,5
20000,5
46000,5
12500,5
53138,8
170000,5
38583,5
26000,5
22865,5
45000,5
62889,5
153000,5
67000,5
39000,5
164000,5
57178,5
40000,5
40000,5
89564,5
66727,7
75000,5
31056,5
61000,5
34782,5
31736,5
75000,5
15000,6
38503,5
45353,7
30000,5
69470,5
63288,5
25087,5
134000,7
54955,5
28000,5
45250,5
89190,7
48184,5
42125,5
47052,5
67000,5
43189,5
174889,5
72135,5
17660,5
120000,5
29629,5
69564,5
34848,5
61000,8
21000,7
27912,5
62909,5
33140,5
75000,5
25571,5
120000,5
12020,7
36665,5
41502,7
130000,5
51000,5
103000,5
70000,5
56239,5
40000,5
19964,5
72246,7
15000,5
14000,4
22764,5
65000,5
45000,7
32090,5
83000,7
70000,5
68000,7
105000,5
88000,5
93000,5
107000,5
141844,7
32469,5
56318,7
26002,4
83000,5
80000,5
56474,5
26000,5
49000,5
64132,5
41810,5
60000,5
22177,5
100000,5
75000,5
68000,5
43518,7
39100,5
58000,5
52000,5
80000,5
96000,5
63000,5
50000,5
15322,5
47000,5
76041,5
46000,5
160000,7
17000,5
56000,5
35000,5
54278,7
39000,5
40000,5
41000,5
30342,5
88000,5
9000,5
70000,5
46279,5
105000,5
130000,5
30000,5
54000,5
65000,5
70000,5
46000,5
113000,5
67310,5
1015,5
83035,5
36983,7
76000,5
14148,5
71428,5
10500,5
58997,5
39842,5
47490,4
45000,5
80000,5
56600,
55409,5
77000,5
58000,
59491,5
51000,7
18725,5
92000,5
61450,5
18592,5
65137,7
83000,5
37000,5
14052,7
45086,5
25400,5
194500,8
89000,8
50000,5
76551,5
9700,5
58000,5
46000,5
72017,5
54407,5
147000,8
61000,5
18856,5
76000,4
17700,5
82267,5
27041,5
63000,5
61000,5
28466,7
80000,5
35373,5
51000,7
49000,5
41000,5
82831,7
52000,5
39736,5
26500,5
40000,5
5752,5
54000,5
54841,5
34000,5
16000,5
134000,5
24000,5
60000,8
58469,5
110000,5
21127,5
56000,8
101000,8
13664,5
65371,5
70428,5
69010,5
68000,5
45000,5
55945,5
70000,5
12000,5
10660,5
52052,5
62940,5
102000,5
60000,5
66000,5
41000,5
135000,5
72000,5
55000,5
37354,5
21000,5
66508,5
88000,7
52000,7
41372,5
50000,5
72000,5
51637,5
48233,5
58000,5
44550,5
60001,5
150000,7
33000,5
27000,
62766,5
73575,5
63000,5
27270,7
41737,5
28358,5
75500,5
9900,5
17000,5
150000,
68178,5
52008,5
76000,5
48222,5
100000,5
68000,5
76115,7
36009,
142000,7
70000,5
34224,5
50000,5
30000,7
22000,5
4000,5
22230,7
46000,5
88700,5
56000,5
84004,5
16000,5
85009,7
86000,5
93442,7
65000,8
67000,5
31513,5
75724,5
69000,5
65000,5
27000,5
56049,5
96987,5
65000,
69000,5
33500,5
93000,8
64000,5
48045,5
94000,6
60000,5
115000,
56000,5
98472,5
37800,5
63617,5
68000,5
11282,5
75000,5
78984,5
71000,5
43814,5
60000,5
85000,5
65438,5
28215,5
15053,5
38000,7
64213,5
15000,5
82000,5
60000,5
158000,5
73000,5
71601,5
82328,5
38000,5
85000,5
116000,5
65000,5
5600,5
68000,7
29300,5
23342,5
41078,5
38000,5
132000,5
35000,5
80000,5
39408,5
27525,5
27000,5
82799,5
8000,5
46000,7
98000,5
47924,5
39000,5
33601,5
85000,5
54000,5
35000,5
80020,5
87500,5
59500,7
76000,7
43000,5
41850,5
52300,5
31924,7
77914,5
70000,5
94385,5
57000,5
27039,5
11000,5
57669,5
124000,7
29500,5
75000,4
54186,5
36990,5
90000,5
23000,8
23582,7
87000,5
1000,5
58634,5
41377,5
43000,5
77372,5
49000,5
48000,5
30000,5
47000,5
76681,5
106565,5
37492,5
72843,5
55653,5
35000,4
44000,5
43200,5
117000,5
63961,7
20000,4
34000,5
35000,5
43000,5
63193,5
110000,8
44547,5
65000,5
79000,5
33000,4
108000,5
21302,8
82000,5
173000,8
72000,7
50299,7
60000,5
112999,7
183000,7
58840,5
58000,5
78000,5
34000,5
54982,5
65000,5
16292,5
11206,5
32100,5
22296,5
36113,5
87000,5
1001,5
39822,5
81814,5
62000,5
71000,5
10452,5
1520,5
35315,5
91722,5
35976,5
22000,5
71000,5
25000,5
54486,5
18366,5
16000,5
31176,4
88375,5
34500,5
80000,7
46000,5
70000,5
51000,5
25000,7
25132,5
70000,5
48913,5
63000,5
90000,5
55000,5
51000,5
35844,5
14850,2
98000,5
17000,5
42670,5
33128,4
7300,5
53416,5
47000,5
72002,5
47000,5
47634,5
62000,5
65000,5
92448,5
68000,5
87000,5
108000,5
60000,5
82000,5
26189,5
26300,5
35000,7
67000,5
42285,5
7000,6
42000,5
56967,5
29566,5
41836,5
19764,7
134000,5
8321,5
174000,5
119613,10
21000,5
55600,5
61000,5
38428,5
95000,
18000,5
7000,7
24779,5
17431,5
88000,8
29347,5
24000,5
60249,5
15000,5
3013,5
60000,5
83503,7
69000,5
54000,5
49000,5
86000,5
36000,5
12899,5
56839,5
46972,5
96012,7
59311,
90000,5
32835,5
60739,5
19476,4
15000,5
53000,5
20000,5
67000,5
140000,7
25000,5
69000,5
65461,5
33000,5
52000,5
29215,5
40000,5
290000,5
14519,7
350000,5
39000,7
40130,7
58000,7
43000,5
15500,5
34948,5
98245,8
36390,5
122000,5
79003,5
78830,5
53000,5
53000,5
82000,5
95000,5
18090,5
70332,5
46000,5
63402,5
13000,5
65505,5
154000,5
85142,5
45000,5
48000,5
77800,5
39549,5
100922,5
55000,5
45000,5
145000,5
45000,8
44000,5
48000,5
64139,7
11574,
14311,5
20000,5
18338,2
17964,5
55500,7
130000,8
50000,5
49830,5
49000,5
53967,5
54000,5
75000,5
100000,5
142000,8
83388,5
62000,5
61000,5
45000,5
33000,5
113565,8
131000,5
72253,7
46346,5
37000,5
56371,5
98500,5
71588,5
68000,5
66800,5
90000,5
54000,5
87248,5
9052,5
67320,5
28635,5
78904,7
16409,5
61180,5
59577,5
24104,8
69000,5
35000,5
75000,7
98000,7
51843,5
80000,5
110000,7
75383,5
31861,7
57900,5
48000,5
33544,5
65000,5
103189,8
35007,5
98000,5
25678,5
65636,5
21730,5
46112,5
20000,5
67000,7
29000,5
86000,5
34000,5
36000,5
49000,5
7000,5
60188,5
79000,5
115439,7
104500,5
35000,5
26186,5
58061,5
62000,5
118000,5
65000,5
44379,5
61041,5
73000,5
57297,5
28700,5
85264,5
20000,5
11934,5
83000,5
23000,5
14927,5
158000,5
111000,5
63528,5
92000,5
41200,5
39052,7
55100,5
76958,5
70419,5
21000,5
64000,4
63698,5
62715,5
37922,5
52000,5
47000,5
64000,5
109000,5
19000,5
99000,5
50000,5
105000,7
24000,5
23389,5
90000,5
20000,5
62269,5
69000,5
58898,5
29110,5
34649,5
13000,5
25043,5
36611,5
150000,5
82000,5
45158,5
36968,5
53556,5
78500,5
133000,5
33186,5
65000,5
61903,5
25000,5
64168,5
8044,5
18000,5
80000,5
45000,5
78835,8
30631,5
72573,8
10000,7
50215,5
9999,4
110000,5
81000,5
11000,6
59000,5
8300,5
40000,7
83500,5
22000,5
39000,7
90000,5
134487,5
65000,5
48000,7
60000,5
23742,5
60268,5
70746,5
61000,5
102000,5
25000,5
64000,5
78265,5
76560,5
10000,5
52000,5
45000,5
29562,5
32000,5
22003,5
2890,5
52000,7
100000,5
60000,5
6512,5
39008,5
136441,5
36200,5
32506,5
67000,8
59800,5
63008,7
57804,5
37212,5
65000,5
61259,5
50000,5
183513,5
66000,7
78979,5
30010,5
27508,5
28000,5
45000,5
86107,5
49000,5
32746,5
42758,5
50000,5
90904,5
52612,5
40000,5
80724,5
62659,5
72734,5
15000,7
65475,5
71000,7
16000,5
72329,5
49398,5
44147,5
45000,5
75000,7
22574,5
26642,5
81304,5
46000,5
99000,5
36317,5
70000,5
137711,5
18980,5
31293,5
43000,5
45000,5
53000,5
30000,5
13000,5
62000,5
35161,5
75000,5
53590,4
71467,5
66287,5
85000,5
147202,7
72566,5
190000,5
25348,5
54000,5
33000,5
58067,5
43020,5
27641,7
46372,5
27535,5
55615,5
19000,5
47000,5
60595,5
170000,5
14301,5
42741,5
31000,5
11000,5
3800,5
44702,5
14300,5
31542,5
31717,5
99120,7
36000,5
40000,5
41000,5
160000,5
41413,5
67500,5
30315,5
39015,5
6000,5
21143,5
42203,5
21380,5
23955,5
38568,5
64000,5
57000,5
44556,5
80000,5
39000,5
70000,5
45463,5
44776,5
18242,5
21190,5
89411,5
59000,5
28000,5
52262,5
72443,5
