,종목코드,종목명,EPS,PER,BPS,PBR,주당배당금,배당수익률
0,060310,3S,30.0,74.83,947.0,2.37,0,0.0
1,095570,AJ네트웍스,367.0,12.28,9326.0,0.48,270,5.99
2,006840,AK홀딩스,2635.0,4.87,44339.0,0.29,200,1.56
3,054620,APS,667.0,9.43,11683.0,0.54,0,0.0
4,265520,AP시스템,3997.0,4.9,21396.0,0.92,270,1.38
5,211270,AP위성,739.0,16.51,6680.0,1.83,70,0.57
6,109960,AP헬스케어,80.0,9.2,2518.0,0.29,0,0.0
7,139050,BF랩스,11.0,255.0,5250.0,0.53,0,0.0
8,027410,BGF,813.0,4.3,17286.0,0.2,120,3.43
9,282330,BGF리테일,11337.0,9.57,62197.0,1.74,4100,3.78
10,138930,BNK금융지주,1905.0,5.18,31746.0,0.31,510,5.17
11,001460,BYC,2836.0,11.72,64090.0,0.52,300,0.9
12,001040,CJ,5806.0,21.46,164443.0,0.76,3000,2.41
13,000120,CJ대한통운,10357.0,9.06,180690.0,0.52,500,0.53
14,011150,CJ씨푸드,123.0,30.2,2160.0,1.72,0,0.0
15,097950,CJ제일제당,24081.0,14.47,446325.0,0.78,5500,1.58
16,051500,CJ프레시웨이,4489.0,4.26,24396.0,0.78,450,2.35
17,058820,CMG제약,46.0,51.96,1370.0,1.74,0,0.0
18,056730,CNT85,193.0,4.19,1042.0,0.78,0,0.0
19,000480,CR홀딩스,14.0,420.71,14318.0,0.41,410,6.96
20,000590,CS홀딩스,15091.0,4.53,264028.0,0.26,500,0.73
21,012030,DB,106.0,11.13,2067.0,0.57,0,0.0
22,016610,DB금융투자,151.0,31.36,24561.0,0.19,200,4.22
23,005830,DB손해보험,28955.0,4.18,170486.0,0.71,5300,4.38
24,000990,DB하이텍,6241.0,6.87,41655.0,1.03,580,1.35
25,139130,DGB금융지주,2180.0,3.79,35751.0,0.23,550,6.66
26,025440,DH오토웨어,5.0,71.2,452.0,0.79,0,0.0
27,001530,DI동일,164.0,181.71,30136.0,0.99,250,0.84
28,375500,DL이앤씨,4679.0,6.83,118750.0,0.27,500,1.56
29,068790,DMS,829.0,7.44,13160.0,0.47,90,1.46
30,007340,DN오토모티브,31884.0,2.81,132197.0,0.68,3000,3.35
31,004840,DRB동일,798.0,6.26,19664.0,0.25,100,2.0
32,241520,DSC인베스트먼트,543.0,5.92,3895.0,0.83,40,1.24
33,155660,DSR,1093.0,3.71,13467.0,0.3,60,1.48
34,069730,DSR제강,899.0,4.59,13555.0,0.3,60,1.45
35,017860,DS단석,7966.0,9.09,47319.0,1.53,0,0.0
36,017940,E1,36872.0,2.01,280943.0,0.26,5150,6.94
37,383220,F&F,11144.0,4.88,33834.0,1.61,1700,3.13
38,007700,F&F홀딩스,3130.0,4.33,54668.0,0.25,400,2.95
39,130500,GH신소재,148.0,30.91,5394.0,0.85,0,0.0
40,114090,GKL,709.0,15.37,6658.0,1.64,353,3.24
41,078930,GS,13737.0,3.24,142065.0,0.31,2500,5.62
42,083450,GST,1985.0,8.99,12539.0,1.42,500,2.8
43,001250,GS글로벌,337.0,10.25,5113.0,0.68,25,0.72
44,007070,GS리테일,173.0,119.65,39235.0,0.53,500,2.42
45,297890,HB솔루션,1137.0,4.29,3319.0,1.47,30,0.61
46,440290,HB인베스트먼트,444.0,4.88,2922.0,0.74,0,0.0
47,078150,HB테크놀러지,983.0,2.94,3503.0,0.83,20,0.69
48,012630,HDC,2147.0,4.9,49804.0,0.21,300,2.85
49,039570,HDC랩스,573.0,14.5,11253.0,0.74,450,5.42
50,089470,HDC현대EP,759.0,5.74,11685.0,0.37,140,3.21
51,294870,HDC현대산업개발,2678.0,8.79,46876.0,0.5,700,2.97
52,009540,HD한국조선해양,3135.0,63.67,140052.0,1.43,0,0.0
53,267250,HD현대,3743.0,22.09,103689.0,0.8,3700,4.47
54,267270,HD현대건설기계,7659.0,7.17,86604.0,0.63,700,1.28
55,443060,HD현대마린솔루션,3778.0,30.12,5999.0,18.97,2500,2.2
56,071970,HD현대마린엔진,1108.0,19.63,7893.0,2.76,0,0.0
57,042670,HD현대인프라코어,1159.0,6.38,9097.0,0.81,110,1.49
58,267260,HD현대일렉트릭,7200.0,42.64,29121.0,10.54,1000,0.33
59,329180,HD현대중공업,278.0,746.4,58660.0,3.54,0,0.0
60,195940,HK이노엔,1666.0,25.15,42487.0,0.99,350,0.84
61,014790,HL D&I,370.0,7.05,9721.0,0.27,0,0.0
62,204320,HL만도,2890.0,12.32,47505.0,0.75,600,1.69
63,060980,HL홀딩스,5237.0,6.58,105173.0,0.33,2000,5.81
64,011200,HMM,1667.0,10.65,31115.0,0.57,700,3.94
65,403870,HPSP,990.0,30.51,3350.0,9.01,150,0.5
66,036640,HRS,758.0,7.02,7165.0,0.74,200,3.76
67,035000,HS애드,1000.0,6.31,11276.0,0.56,450,7.13
68,002460,HS화성,2302.0,3.92,40704.0,0.22,500,5.54
69,003560,IHQ,6784.0,1.59,6389.0,1.68,0,0.0
70,095340,ISC,749.0,78.64,23130.0,2.55,200,0.34
71,175330,JB금융지주,2907.0,5.19,26120.0,0.58,855,5.67
72,234080,JW생명과학,1818.0,6.49,10294.0,1.15,500,4.24
73,001060,JW중외제약,1504.0,19.28,10784.0,2.69,400,1.38
74,096760,JW홀딩스,266.0,12.65,1716.0,1.96,105,3.12
75,035900,JYP Ent.,3186.0,16.07,11897.0,4.3,574,1.12
76,318000,KBG,541.0,11.13,4834.0,1.25,100,1.66
77,024840,KBI메탈,2.0,1615.0,3450.0,0.94,0,0.0
78,105560,KB금융,11580.0,7.68,150344.0,0.59,3060,3.44
79,024120,KB오토시스,92.0,42.93,9459.0,0.42,150,3.8
80,002380,KCC,28917.0,10.62,704004.0,0.44,8000,2.61
81,021320,KCC건설,519.0,8.78,22370.0,0.2,130,2.85
82,344820,KCC글라스,5125.0,8.03,93331.0,0.44,2200,5.35
83,036670,KCI,1022.0,7.29,9891.0,0.75,250,3.36
84,009070,KCTC,897.0,5.71,9122.0,0.56,70,1.37
85,046440,KG모빌리언스,1176.0,3.95,9255.0,0.5,220,4.74
86,003620,KG모빌리티,48.0,123.75,5791.0,1.03,0,0.0
87,016380,KG스틸,2342.0,2.51,18893.0,0.31,200,3.4
88,151860,KG에코솔루션,1844.0,3.34,24975.0,0.25,120,1.95
89,035600,KG이니시스,2909.0,3.43,17862.0,0.56,420,4.21
90,001390,KG케미칼,1446.0,3.04,13412.0,0.33,120,2.73
91,111870,KH 미래물산,4998.0,1.78,23064.0,0.39,0,0.0
92,060720,KH바텍,1369.0,8.31,11142.0,1.02,400,3.52
93,015590,KIB플러그에너지,62.0,8.11,540.0,0.93,0,0.0
94,001940,KISCO홀딩스,6602.0,2.92,84091.0,0.23,900,4.67
95,058400,KNN,63.0,11.9,1622.0,0.46,20,2.67
96,025000,KPX케미칼,13643.0,3.54,133924.0,0.36,3000,6.22
97,092230,KPX홀딩스,21366.0,2.68,236881.0,0.24,3500,6.12
98,044450,KSS해운,755.0,12.7,18624.0,0.51,350,3.65
99,101000,KS인더스트리,199.0,11.86,832.0,2.84,0,0.0
100,030200,KT,4043.0,9.58,67972.0,0.57,1960,5.06
101,033780,KT&G,7843.0,12.76,81326.0,1.23,5200,5.19
102,058850,KTcs,386.0,7.46,5029.0,0.57,100,3.47
103,058860,KTis,455.0,5.71,6665.0,0.39,120,4.62
104,122450,KX,420.0,9.74,6234.0,0.66,200,4.89
105,052900,KX하이텍,81.0,13.02,2123.0,0.5,0,0.0
106,376190,LB루셈,48.0,103.13,8276.0,0.6,0,0.0
107,309960,LB인베스트먼트,286.0,15.38,5020.0,0.88,200,4.55
108,093050,LF,2899.0,4.89,53693.0,0.26,700,4.94
109,003550,LG,8032.0,9.89,167498.0,0.47,3100,3.9
110,051900,LG생활건강,8513.0,39.94,324268.0,1.05,3500,1.03
111,373220,LG에너지솔루션,5287.0,62.04,86328.0,3.8,0,0.0
112,032640,LG유플러스,1449.0,6.68,19711.0,0.49,650,6.71
113,011070,LG이노텍,23884.0,10.32,199226.0,1.24,2610,1.06
114,066570,LG전자,3954.0,24.58,109209.0,0.89,800,0.82
115,051910,LG화학,17086.0,16.83,411275.0,0.7,3500,1.22
116,079550,LIG넥스원,8028.0,23.88,48286.0,3.97,1950,1.02
117,225190,LK삼양,14.0,135.79,593.0,3.21,60,3.16
118,006260,LS,15881.0,7.38,172545.0,0.68,1600,1.37
119,010120,LS ELECTRIC,7012.0,24.34,58345.0,2.93,2800,1.64
120,000680,LS네트웍스,145.0,24.28,7619.0,0.46,0,0.0
121,060370,LS마린솔루션,472.0,43.01,4987.0,4.07,160,0.79
122,417200,LS머트리얼즈,214.0,82.01,2668.0,6.58,22,0.13
123,229640,LS에코에너지,136.0,204.41,4793.0,5.8,200,0.72
124,078020,LS증권,423.0,11.54,13813.0,0.35,150,3.07
125,108320,LX세미콘,6222.0,11.33,60056.0,1.17,1800,2.55
126,001120,LX인터내셔널,3255.0,9.46,63172.0,0.49,1200,3.9
127,108670,LX하우시스,6186.0,6.75,83467.0,0.5,1700,4.07
128,383800,LX홀딩스,1015.0,6.95,21403.0,0.33,270,3.83
129,086960,MDS테크,17.0,70.65,1327.0,0.91,0,0.0
130,023150,MH에탄올,718.0,8.68,10724.0,0.58,250,4.01
131,035420,NAVER,6661.0,23.54,154077.0,1.02,1205,0.77
132,053290,NE능률,65.0,67.31,5171.0,0.85,0,0.0
133,060250,NHN KCP,913.0,8.29,5780.0,1.31,200,2.64
134,005940,NH투자증권,1588.0,8.73,21757.0,0.64,800,5.77
135,034310,NICE,110.0,98.0,21341.0,0.51,451,4.18
136,030190,NICE평가정보,946.0,10.67,6249.0,1.61,410,4.06
137,008260,NI스틸,1756.0,2.2,8188.0,0.47,125,3.23
138,004250,NPC,650.0,7.22,8873.0,0.53,100,2.13
139,222160,NPX,15.0,536.0,2928.0,2.75,0,0.0
140,456040,OCI,7052.0,11.6,132933.0,0.62,2000,2.44
141,010060,OCI홀딩스,36540.0,2.03,190202.0,0.39,3300,4.45
142,024940,PN풍년,231.0,17.47,5109.0,0.79,35,0.87
143,005490,POSCO홀딩스,22382.0,14.36,714069.0,0.45,10000,3.11
144,218410,RFHIC,671.0,18.06,11103.0,1.09,100,0.83
145,010950,S-Oil,8149.0,7.65,77629.0,0.8,1700,2.73
146,019550,SBI인베스트먼트,52.0,14.23,783.0,0.95,0,0.0
147,034120,SBS,2613.0,6.07,47382.0,0.33,500,3.15
148,036120,SCI평가정보,14.0,182.5,830.0,3.08,50,1.96
149,040610,SG&G,592.0,2.7,10247.0,0.16,0,0.0
150,005090,SGC에너지,2953.0,9.4,49925.0,0.56,1700,6.13
151,001380,SG글로벌,449.0,5.2,3137.0,0.74,0,0.0
152,001770,SHD,91.0,176.04,42198.0,0.38,100,0.62
153,123700,SJM,1128.0,3.13,12162.0,0.29,175,4.96
154,025530,SJM홀딩스,709.0,5.13,11504.0,0.32,225,6.19
155,018670,SK가스,35241.0,4.95,287583.0,0.61,8000,4.58
156,006120,SK디스커버리,9699.0,3.59,150811.0,0.23,1700,4.89
157,210980,SK디앤디,4177.0,2.1,31495.0,0.28,800,9.1
158,302440,SK바이오사이언스,291.0,200.34,22178.0,2.63,0,0.0
159,361610,SK아이이테크놀로지,1152.0,27.56,33825.0,0.94,0,0.0
160,100090,SK오션플랜트,1041.0,13.9,11734.0,1.23,0,0.0
161,096770,SK이노베이션,2808.0,35.79,230169.0,0.44,0,0.0
162,001510,SK증권,6.0,87.5,1523.0,0.34,2,0.38
163,285130,SK케미칼,2072.0,24.28,110405.0,0.46,650,1.29
164,017670,SK텔레콤,4954.0,11.1,53545.0,1.03,3540,6.44
165,063440,SM Life Design,103.0,13.43,1239.0,1.12,0,0.0
166,003570,SNT다이내믹스,2212.0,10.04,31290.0,0.71,700,3.15
167,064960,SNT모티브,6579.0,7.15,72007.0,0.65,1600,3.4
168,100840,SNT에너지,1252.0,9.74,15209.0,0.8,900,7.38
169,036530,SNT홀딩스,6041.0,3.68,73929.0,0.3,800,3.6
170,067160,SOOP,6874.0,16.19,27160.0,4.1,850,0.76
171,005610,SPC삼립,6197.0,8.38,51697.0,1.0,1700,3.28
172,465770,STX그린로지스,201.0,60.75,4260.0,2.87,0,0.0
173,077970,STX엔진,167.0,131.74,9391.0,2.34,0,0.0
174,289080,SV인베스트먼트,65.0,28.83,1322.0,1.42,20,1.07
175,084870,TBH글로벌,323.0,4.51,3022.0,0.48,100,6.87
176,032540,TJ미디어,337.0,16.02,6177.0,0.87,320,5.93
177,022220,TKG애강,105.0,10.34,1932.0,0.56,0,0.0
178,069260,TKG휴켐스,3512.0,5.31,21904.0,0.85,1000,5.36
179,007980,TP,130.0,11.15,4274.0,0.34,35,2.41
180,246690,TS인베스트먼트,258.0,4.24,2029.0,0.54,10,0.91
181,002900,TYM,1390.0,2.38,8938.0,0.37,160,4.84
182,057030,YBM넷,313.0,12.3,3196.0,1.2,150,3.9
183,037270,YG PLUS,340.0,8.51,2564.0,1.13,0,0.0
184,051390,YW,622.0,5.9,9444.0,0.39,200,5.45
185,052220,iMBC,90.0,32.39,2544.0,1.15,0,0.0
186,079940,가비아,1241.0,11.14,11137.0,1.24,80,0.58
187,000500,가온전선,2907.0,13.76,46434.0,0.86,0,0.0
188,399720,가온칩스,552.0,103.08,5398.0,10.54,0,0.0
189,036620,감성코퍼레이션,268.0,12.95,859.0,4.04,0,0.0
190,000860,강남제비스코,2541.0,9.8,93917.0,0.27,500,2.01
191,035250,강원랜드,1681.0,8.84,18141.0,0.82,930,6.26
192,114190,강원에너지,168.0,70.18,1494.0,7.89,0,0.0
193,011420,갤럭시아에스엠,97.0,20.39,2713.0,0.73,0,0.0
194,039240,경남스틸,317.0,9.2,3999.0,0.73,120,4.12
195,002100,경농,1059.0,9.04,13544.0,0.71,450,4.7
196,009450,경동나비엔,5753.0,12.43,40448.0,1.77,550,0.77
197,267290,경동도시가스,5196.0,3.69,71387.0,0.27,875,4.56
198,012320,경동인베스트,9133.0,9.38,212135.0,0.4,750,0.88
199,214390,경보제약,124.0,60.0,6039.0,1.23,50,0.67
200,009140,경인전자,4445.0,4.84,54237.0,0.4,350,1.63
201,024910,경창산업,257.0,9.03,3777.0,0.61,50,2.16
202,013580,계룡건설,5334.0,2.85,90108.0,0.17,400,2.64
203,002140,고려산업,137.0,19.71,4348.0,0.62,25,0.93
204,049720,고려신용정보,846.0,12.09,3279.0,3.12,380,3.71
205,010130,고려아연,26139.0,20.35,451351.0,1.18,15000,2.82
206,002240,고려제강,2859.0,6.75,67120.0,0.29,350,1.81
207,098460,고영,328.0,34.02,4654.0,2.4,140,1.25
208,215000,골프존,12973.0,5.36,68089.0,1.02,4500,6.47
209,121440,골프존뉴딘홀딩스,891.0,4.28,16929.0,0.23,167,4.38
210,366030,공구우먼,445.0,10.42,2925.0,1.58,120,2.59
211,009290,광동제약,913.0,7.03,13588.0,0.47,100,1.56
212,014200,광림,203.0,4.96,1843.0,0.55,0,0.0
213,017040,광명전기,239.0,7.87,2838.0,0.66,10,0.53
214,029480,광무,162.0,23.52,2378.0,1.6,0,0.0
215,037710,광주신세계,6065.0,4.85,102953.0,0.29,2200,7.48
216,030610,교보증권,843.0,6.09,16632.0,0.31,250,4.87
217,339770,교촌에프앤비,574.0,14.81,7475.0,1.14,300,3.53
218,053270,구영테크,736.0,3.33,4086.0,0.6,50,2.04
219,007690,국도화학,921.0,35.83,100047.0,0.33,1200,3.64
220,066620,국보디자인,4084.0,4.07,31855.0,0.52,400,2.41
221,006050,국영지앤엠,23.0,76.83,1439.0,1.23,10,0.57
222,307750,국전약품,98.0,53.88,1965.0,2.69,10,0.19
223,453450,그리드위즈,922.0,38.07,11848.0,2.96,0,0.0
224,204020,그리티,424.0,6.67,3802.0,0.74,100,3.53
225,402490,그린리소스,388.0,51.93,6248.0,3.23,0,0.0
226,083420,그린케미칼,144.0,46.53,5160.0,1.3,230,3.43
227,014530,극동유화,439.0,8.68,6020.0,0.63,200,5.25
228,014280,금강공업,1458.0,3.36,14331.0,0.34,120,2.45
229,053260,금강철강,281.0,17.6,7818.0,0.63,130,2.63
230,282720,금양그린파워,1695.0,6.96,8935.0,1.32,300,2.54
231,002990,금호건설,31.0,116.77,13006.0,0.28,0,0.0
232,011780,금호석유,16727.0,7.73,221466.0,0.58,2900,2.24
233,073240,금호타이어,549.0,8.64,4401.0,1.08,0,0.0
234,036190,금화피에스시,6435.0,4.29,55933.0,0.49,1300,4.71
235,420770,기가비스,2752.0,15.73,16773.0,2.58,800,1.85
236,035460,기산텔레콤,223.0,8.22,2664.0,0.69,0,0.0
237,092440,기신정기,150.0,17.93,8601.0,0.31,150,5.58
238,000270,기아,22168.0,4.66,117495.0,0.88,5600,5.43
239,024110,기업은행,3162.0,4.45,39698.0,0.35,984,7.0
240,013700,까뮤이앤씨,58.0,24.03,1908.0,0.73,20,1.43
241,121600,나노신소재,1489.0,58.9,19951.0,4.4,250,0.29
242,417010,나노팀,259.0,52.63,2600.0,5.24,0,0.0
243,051490,나라엠앤디,640.0,7.32,7218.0,0.65,70,1.49
244,190510,나무가,1455.0,8.65,9272.0,1.36,0,0.0
245,089600,나스미디어,1478.0,12.16,18833.0,0.95,700,3.9
246,293580,나우IB,21.0,50.57,999.0,1.06,18,1.69
247,130580,나이스디앤비,674.0,7.23,5889.0,0.83,182,3.73
248,036800,나이스정보통신,3311.0,5.81,36792.0,0.52,730,3.79
249,267320,나인테크,217.0,12.1,1758.0,1.49,0,0.0
250,001260,남광토건,610.0,10.95,11506.0,0.58,0,0.0
251,025860,남해화학,250.0,26.92,10642.0,0.63,60,0.89
252,111710,남화산업,858.0,5.82,8729.0,0.57,200,4.0
253,253590,네오셈,219.0,47.85,2101.0,4.99,30,0.29
254,212560,네오오토,1514.0,6.06,13688.0,0.67,150,1.64
255,095660,네오위즈,2380.0,8.61,24005.0,0.85,245,1.2
256,042420,네오위즈홀딩스,1049.0,16.97,50721.0,0.35,0,0.0
257,092730,네오팜,2968.0,7.09,20462.0,1.03,750,3.56
258,005720,넥센,778.0,6.17,22055.0,0.22,125,2.6
259,002350,넥센타이어,1001.0,7.51,16524.0,0.46,115,1.53
260,089140,넥스턴바이오,1087.0,2.94,14687.0,0.22,0,0.0
261,348210,넥스틴,3088.0,16.94,12469.0,4.19,500,0.96
262,092790,넥스틸,5470.0,1.48,17112.0,0.47,700,8.62
263,225570,넥슨게임즈,177.0,128.25,4117.0,5.51,0,0.0
264,104620,노랑풍선,374.0,13.64,2543.0,2.01,0,0.0
265,090350,노루페인트,1362.0,6.84,18290.0,0.51,325,3.49
266,000320,노루홀딩스,2429.0,5.55,39422.0,0.34,500,3.71
267,194700,노바렉스,1245.0,8.36,11311.0,0.92,200,1.92
268,285490,노바텍,2930.0,4.57,15227.0,0.88,500,3.73
269,145170,노브랜드,112.0,145.8,14585.0,1.12,0,0.0
270,142280,녹십자엠에스,85.0,71.88,1636.0,3.73,0,0.0
271,234690,녹십자웰빙,380.0,24.21,5655.0,1.63,100,1.09
272,004370,농심,29728.0,13.77,420264.0,0.97,5000,1.22
273,072710,농심홀딩스,14478.0,4.68,242037.0,0.28,2500,3.69
274,054050,농우바이오,645.0,11.77,16055.0,0.47,200,2.64
275,040160,누리플렉스,260.0,10.9,7304.0,0.39,50,1.76
276,214870,뉴지랩파마,300.0,23.07,,,0,0.0
277,270870,뉴트리,513.0,18.01,11096.0,0.83,0,0.0
278,144960,뉴파워프라즈마,475.0,12.02,6007.0,0.95,50,0.88
279,085670,뉴프렉스,278.0,18.53,2991.0,1.72,0,0.0
280,154040,다산솔루에타,1491.0,0.99,3322.0,0.44,0,0.0
281,058730,다스코,764.0,4.49,8251.0,0.42,100,2.92
282,023590,다우기술,5237.0,3.48,58374.0,0.31,700,3.84
283,032190,다우데이타,1660.0,6.89,30801.0,0.37,250,2.19
284,068240,다원시스,108.0,96.48,6041.0,1.72,0,0.0
285,008060,대덕,364.0,17.17,17308.0,0.36,400,6.4
286,353200,대덕전자,492.0,43.19,16857.0,1.26,300,1.41
287,000490,대동,794.0,12.44,19071.0,0.52,100,1.01
288,020400,대동금속,260.0,26.65,16443.0,0.42,60,0.87
289,008830,대동기어,308.0,26.14,9686.0,0.83,40,0.5
290,008110,대동전자,1122.0,13.4,26394.0,0.57,0,0.0
291,004780,대륙제관,822.0,4.8,8909.0,0.44,110,2.79
292,017650,대림제지,2201.0,3.28,31419.0,0.23,100,1.38
293,389260,대명에너지,360.0,36.31,7094.0,1.84,0,0.0
294,078140,대봉엘에스,382.0,35.13,11027.0,1.22,50,0.37
295,001680,대상,1862.0,11.52,36679.0,0.58,800,3.73
296,084690,대상홀딩스,568.0,15.85,20000.0,0.45,270,3.0
297,117580,대성에너지,549.0,17.92,11752.0,0.84,250,2.54
298,027830,대성창투,46.0,35.67,1573.0,1.04,0,0.0
299,016710,대성홀딩스,9558.0,0.86,26059.0,0.32,250,3.03
300,003540,대신증권,2036.0,8.36,44804.0,0.38,1200,7.05
301,045390,대아티아이,158.0,18.48,1730.0,1.69,0,0.0
302,108380,대양전기공업,904.0,14.93,24418.0,0.55,0,0.0
303,014160,대영포장,83.0,13.37,1832.0,0.61,0,0.0
304,047040,대우건설,1245.0,3.3,9847.0,0.42,0,0.0
305,009320,대우부품,5.0,230.4,566.0,2.04,0,0.0
306,003090,대웅,3692.0,6.49,22861.0,1.05,100,0.42
307,069620,대웅제약,10656.0,13.2,66686.0,2.11,600,0.43
308,000430,대원강업,494.0,9.14,8211.0,0.55,110,2.44
309,048910,대원미디어,514.0,16.21,8346.0,1.0,100,1.2
310,005710,대원산업,1784.0,3.36,22246.0,0.27,175,2.92
311,006340,대원전선,129.0,24.96,1345.0,2.39,0,0.0
312,003220,대원제약,1140.0,14.8,12559.0,1.34,300,1.78
313,120240,대정화금,1807.0,8.8,23228.0,0.68,450,2.83
314,003310,대주산업,287.0,5.12,2167.0,0.68,42,2.86
315,078600,대주전자재료,47.0,2436.17,10513.0,10.89,0,0.0
316,015230,대창단조,1310.0,4.06,10294.0,0.52,180,3.38
317,096350,대창솔루션,15.0,24.0,189.0,1.9,0,0.0
318,140520,대창스틸,122.0,19.02,7191.0,0.32,150,6.47
319,131220,대한과학,543.0,12.41,5260.0,1.28,60,0.89
320,054670,대한뉴팜,894.0,10.44,7791.0,1.2,100,1.07
321,023910,대한약품,4834.0,5.68,42172.0,0.65,750,2.73
322,001440,대한전선,519.0,25.03,6878.0,1.89,0,0.0
323,084010,대한제강,4007.0,2.93,42959.0,0.27,500,4.25
324,001790,대한제당,354.0,8.56,5764.0,0.53,115,3.8
325,001130,대한제분,60350.0,2.32,603520.0,0.23,2500,1.78
326,003490,대한항공,2866.0,7.55,25793.0,0.84,750,3.46
327,005880,대한해운,220.0,8.88,5178.0,0.38,0,0.0
328,003830,대한화섬,9283.0,11.0,638399.0,0.16,750,0.73
329,016090,대현,526.0,3.59,5879.0,0.32,100,5.29
330,069460,대호에이엘,52.0,21.15,1404.0,0.78,0,0.0
331,298540,더네이쳐홀딩스,3377.0,3.17,21542.0,0.5,400,3.74
332,192080,더블유게임즈,7635.0,6.15,44663.0,1.05,1000,2.13
333,393890,더블유씨피,1591.0,12.95,29689.0,0.69,0,0.0
334,299170,더블유에스아이,96.0,18.15,1339.0,1.3,0,0.0
335,012510,더존비즈온,1082.0,56.28,14903.0,4.09,217,0.36
336,213420,덕산네오룩스,1456.0,21.02,14375.0,2.13,0,0.0
337,077360,덕산하이메탈,125.0,45.44,6369.0,0.89,0,0.0
338,004830,덕성,366.0,19.04,5653.0,1.23,45,0.65
339,090410,덕신이피씨,523.0,2.98,2473.0,0.63,30,1.92
340,024900,덕양산업,383.0,11.03,2927.0,1.44,50,1.18
341,263800,데이타솔루션,99.0,45.0,2069.0,2.15,0,0.0
342,261200,덴티스,263.0,31.33,3644.0,2.26,0,0.0
343,145720,덴티움,11193.0,7.69,53874.0,1.6,400,0.46
344,067990,도이치모터스,373.0,13.27,13627.0,0.36,370,7.47
345,002150,도화엔지니어링,623.0,11.44,8202.0,0.87,280,3.93
346,006620,동구바이오제약,428.0,14.07,3999.0,1.51,120,1.99
347,460850,동국씨엠,339.0,23.22,32217.0,0.24,100,1.27
348,075970,동국알앤에스,37.0,73.78,4237.0,0.64,80,2.93
349,460860,동국제강,2869.0,2.94,34740.0,0.24,700,8.29
350,086450,동국제약,1073.0,15.93,12177.0,1.4,180,1.05
351,001230,동국홀딩스,4500.0,1.79,52450.0,0.15,600,7.45
352,023450,동남합성,1706.0,19.61,14865.0,2.25,1000,2.99
353,004140,동방,310.0,8.92,2969.0,0.93,20,0.72
354,099410,동방선기,354.0,7.26,2591.0,0.99,0,0.0
355,007590,동방아그로,978.0,6.35,12845.0,0.48,300,4.83
356,026960,동서,1468.0,12.64,16296.0,1.14,780,4.2
357,102260,동성케미컬,687.0,6.3,8132.0,0.53,200,4.62
358,033500,동성화인텍,993.0,13.22,5816.0,2.26,250,1.9
359,025950,동신건설,932.0,21.36,11512.0,1.73,150,0.75
360,000640,동아쏘시오홀딩스,9277.0,13.33,161977.0,0.76,2200,1.78
361,170900,동아에스티,1286.0,58.32,76497.0,0.98,700,0.93
362,028100,동아지질,742.0,18.67,16818.0,0.82,500,3.61
363,282690,동아타이어,707.0,18.83,28166.0,0.47,1000,7.51
364,041930,동아화성,951.0,6.98,10151.0,0.65,150,2.26
365,001520,동양,95.0,8.51,4135.0,0.2,40,4.95
366,082640,동양생명,1736.0,4.75,18628.0,0.44,400,4.85
367,060380,동양에스텍,221.0,7.83,4146.0,0.42,50,2.89
368,079960,동양이엔피,5975.0,3.34,41506.0,0.48,400,2.01
369,228340,동양파일,258.0,8.33,6404.0,0.34,0,0.0
370,092780,동양피스톤,588.0,10.63,9676.0,0.65,100,1.6
371,088910,동우팜투테이블,1027.0,2.08,8537.0,0.25,30,1.41
372,094170,동운아나텍,1452.0,12.93,3206.0,5.85,70,0.37
373,049770,동원F&B,5641.0,6.05,50436.0,0.68,800,2.34
374,013120,동원개발,469.0,5.59,11397.0,0.23,80,3.05
375,018500,동원금속,389.0,3.91,1919.0,0.79,20,1.31
376,006040,동원산업,6237.0,4.71,74866.0,0.39,1100,3.74
377,014820,동원시스템즈,2194.0,19.01,26401.0,1.58,600,1.44
378,111380,동인기연,4321.0,4.25,21533.0,0.85,560,3.05
379,163560,동일고무벨트,689.0,11.52,15848.0,0.5,150,1.89
380,109860,동일금속,36.0,256.39,17698.0,0.52,400,4.33
381,032960,동일기연,592.0,19.31,17054.0,0.67,35,0.31
382,005290,동진쎄미켐,2476.0,13.67,15658.0,2.16,120,0.35
383,000020,동화약품,991.0,8.49,13413.0,0.63,180,2.14
384,241560,두산밥캣,9203.0,4.36,59457.0,0.67,1600,3.99
385,034020,두산에너빌리티,87.0,206.67,11113.0,1.62,0,0.0
386,131970,두산테스나,2853.0,12.65,20981.0,1.72,160,0.44
387,016740,두올,668.0,5.11,6856.0,0.5,120,3.51
388,203650,드림시큐리티,444.0,6.24,2104.0,1.32,0,0.0
389,223250,드림씨아이에스,160.0,24.16,2316.0,1.67,0,0.0
390,362990,드림인사이트,277.0,7.44,1568.0,1.31,0,0.0
391,192650,드림텍,227.0,41.06,6003.0,1.55,200,2.15
392,187870,디바이스이엔지,1058.0,12.95,20419.0,0.67,100,0.73
393,003160,디아이,122.0,136.48,5836.0,2.85,100,0.6
394,092200,디아이씨,954.0,4.4,3463.0,1.21,0,0.0
395,110990,디아이티,719.0,24.7,10145.0,1.75,180,1.01
396,263690,디알젬,834.0,9.88,7200.0,1.14,180,2.18
397,347850,디앤디파마텍,441.0,65.42,5022.0,5.74,0,0.0
398,263720,디앤씨미디어,328.0,61.59,6466.0,3.12,0,0.0
399,376300,디어유,1104.0,19.84,7141.0,3.07,0,0.0
400,109740,디에스케이,125.0,43.92,5146.0,1.07,0,0.0
401,092070,디엔에프,447.0,33.18,13395.0,1.11,200,1.35
402,039840,디오,227.0,71.1,13386.0,1.21,0,0.0
403,013570,디와이,737.0,6.63,14212.0,0.34,150,3.07
404,310870,디와이씨,213.0,5.59,2465.0,0.48,25,2.1
405,210540,디와이파워,2491.0,5.03,23912.0,0.52,400,3.19
406,104460,디와이피엔에프,590.0,21.81,11581.0,1.11,200,1.55
407,079810,디이엔티,58.0,140.52,6651.0,1.23,0,0.0
408,113810,디젠스,90.0,9.97,541.0,1.66,0,0.0
409,068930,디지털대성,473.0,14.59,5993.0,1.15,200,2.9
410,033130,디지틀조선,92.0,18.15,2288.0,0.73,20,1.2
411,105740,디케이락,1199.0,7.01,13084.0,0.64,250,2.97
412,263020,디케이앤디,460.0,7.42,4435.0,0.77,50,1.46
413,290550,디케이티,248.0,48.15,7094.0,1.68,0,0.0
414,066670,디티씨,233.0,15.28,10242.0,0.35,50,1.4
415,131180,딜리,25.0,43.0,2079.0,0.52,0,0.0
416,042510,라온시큐어,104.0,18.62,853.0,2.27,0,0.0
417,232680,라온테크,187.0,39.68,2254.0,3.29,30,0.4
418,171120,라이온켐텍,197.0,10.81,3605.0,0.59,100,4.69
419,217500,러셀,91.0,22.53,1889.0,1.09,30,1.46
420,038390,레드캡투어,2005.0,7.97,24430.0,0.65,900,5.64
421,443250,레뷰코퍼레이션,436.0,20.94,4931.0,1.85,0,0.0
422,228850,레이언스,1246.0,6.16,15265.0,0.5,100,1.3
423,199550,레이저옵텍,2.0,4210.0,1997.0,4.22,0,0.0
424,281740,레이크머티리얼즈,367.0,49.97,1671.0,10.98,0,0.0
425,215100,로보로보,69.0,57.25,1530.0,2.58,14,0.35
426,090360,로보스타,71.0,344.37,9226.0,2.65,0,0.0
427,067730,로지시스,53.0,47.74,1760.0,1.44,60,2.37
428,071280,로체시스템즈,594.0,21.75,7484.0,1.73,50,0.39
429,089860,롯데렌탈,3275.0,9.25,37351.0,0.81,1200,3.96
430,000400,롯데손해보험,966.0,2.93,4064.0,0.7,0,0.0
431,023530,롯데쇼핑,5794.0,10.3,335809.0,0.18,3800,6.37
432,280360,롯데웰푸드,7978.0,19.35,232340.0,0.66,3000,1.94
433,286940,롯데이노베이트,2776.0,9.62,27576.0,0.97,1000,3.75
434,004000,롯데정밀화학,7147.0,6.38,93569.0,0.49,2000,4.39
435,005300,롯데칠성,16499.0,8.5,145622.0,0.96,3400,2.43
436,038060,루멘스,85.0,12.65,2080.0,0.52,0,0.0
437,058470,리노공업,7308.0,28.12,36700.0,5.6,3000,1.46
438,016100,리더스코스메틱,13.0,232.69,2409.0,1.26,0,0.0
439,012700,리드코프,351.0,13.42,16422.0,0.29,200,4.25
440,302550,리메드,26.0,128.65,1006.0,3.33,0,0.0
441,377450,리파인,1374.0,8.22,10147.0,1.11,0,0.0
442,277070,린드먼아시아,285.0,17.09,4451.0,1.09,43,0.88
443,042500,링네트,833.0,6.63,6259.0,0.88,100,1.81
444,219420,링크제니시스,111.0,47.03,3866.0,1.35,0,0.0
445,439090,마녀공장,749.0,32.11,5925.0,4.06,0,0.0
446,195500,마니커에프앤지,130.0,23.85,4168.0,0.74,0,0.0
447,305090,마이크로디지탈,38.0,329.47,555.0,22.56,0,0.0
448,098120,마이크로컨텍솔,890.0,7.21,6629.0,0.97,80,1.25
449,001080,만호제강,3106.0,15.18,88854.0,0.53,0,0.0
450,267980,매일유업,7678.0,5.13,75136.0,0.52,1200,3.05
451,005990,매일홀딩스,3970.0,2.12,30646.0,0.27,200,2.38
452,093520,매커스,1878.0,5.26,9952.0,0.99,150,1.52
453,100590,머큐리,216.0,16.57,6249.0,0.57,0,0.0
454,067280,멀티캠퍼스,5316.0,5.78,32669.0,0.94,1600,5.21
455,072870,메가스터디,1900.0,5.96,27338.0,0.41,850,7.51
456,215200,메가스터디교육,8118.0,5.95,41175.0,1.17,2000,4.14
457,041920,메디아나,557.0,10.95,6305.0,0.97,25,0.41
458,014100,메디앙스,619.0,3.96,7700.0,0.32,0,0.0
459,086900,메디톡스,1311.0,155.23,65468.0,3.11,1100,0.54
460,078160,메디포스트,287.0,21.6,8234.0,0.75,0,0.0
461,138040,메리츠금융지주,11020.0,8.36,50457.0,1.83,2360,2.56
462,408920,메쎄이상,126.0,17.42,1373.0,1.6,50,2.28
463,059210,메타바이오메드,429.0,9.78,3063.0,1.37,20,0.48
464,009900,명신산업,2909.0,4.18,10199.0,1.19,100,0.82
465,012690,모나리자,250.0,15.9,2223.0,1.79,150,3.77
466,070960,모나용평,208.0,20.34,8015.0,0.53,0,0.0
467,417970,모델솔루션,167.0,64.37,9618.0,1.12,40,0.37
468,080160,모두투어,592.0,19.36,3995.0,2.87,250,2.18
469,087260,모바일어플라이언스,65.0,34.46,1483.0,1.51,0,0.0
470,101330,모베이스,687.0,5.15,13907.0,0.25,70,1.98
471,012860,모베이스전자,128.0,15.7,2807.0,0.72,0,0.0
472,288980,모아데이타,7.0,222.86,1137.0,1.37,0,0.0
473,142760,모아라이프플러스,269.0,7.49,1022.0,1.97,0,0.0
474,333050,모코엠시스,46.0,29.57,886.0,1.53,14,1.03
475,009680,모토닉,1270.0,6.92,20673.0,0.43,450,5.12
476,118990,모트렉스,1330.0,7.84,8377.0,1.25,0,0.0
477,006920,모헨즈,757.0,3.96,3036.0,0.99,0,0.0
478,009200,무림페이퍼,83.0,26.99,9962.0,0.22,75,3.35
479,033920,무학,2470.0,2.59,20374.0,0.31,230,3.6
480,008420,문배철강,961.0,2.65,9524.0,0.27,50,1.96
481,254490,미래반도체,355.0,43.24,5554.0,2.76,0,0.0
482,218150,미래생명자원,23.0,194.13,2265.0,1.97,0,0.0
483,100790,미래에셋벤처투자,467.0,11.22,6489.0,0.81,0,0.0
484,085620,미래에셋생명,898.0,5.78,22308.0,0.23,0,0.0
485,006800,미래에셋증권,531.0,15.4,18281.0,0.45,150,1.83
486,049950,미래컴퍼니,449.0,46.55,16810.0,1.24,100,0.48
487,002840,미원상사,12771.0,15.86,79711.0,2.54,2000,0.99
488,268280,미원에스씨,3758.0,36.8,75776.0,1.83,2100,1.52
489,107590,미원홀딩스,5708.0,14.42,100783.0,0.82,700,0.85
490,134380,미원화학,10763.0,7.42,72153.0,1.11,3500,4.38
491,003650,미창석유,31492.0,2.85,241153.0,0.37,2800,3.12
492,201490,미투온,249.0,9.32,4191.0,0.55,0,0.0
493,418470,밀리의서재,2060.0,8.21,6881.0,2.46,0,0.0
494,206640,바디텍메드,1181.0,16.68,8476.0,2.32,200,1.02
495,053030,바이넥스,151.0,151.32,5863.0,3.9,0,0.0
496,301300,바이브컴퍼니,2677.0,1.74,5462.0,0.85,0,0.0
497,038460,바이오스마트,915.0,4.83,5473.0,0.81,0,0.0
498,251120,바이오에프디엔씨,655.0,23.73,6873.0,2.26,0,0.0
499,199730,바이오인프라,426.0,19.27,7082.0,1.16,600,7.31
500,099430,바이오플러스,445.0,13.57,2132.0,2.83,70,1.16
501,043150,바텍,3483.0,7.08,26837.0,0.92,100,0.41
502,267790,배럴,865.0,5.55,4295.0,1.12,50,1.04
503,001340,백광산업,175.0,50.06,4839.0,1.81,60,0.68
504,046310,백금T&A,817.0,3.09,3746.0,0.67,80,3.17
505,035150,백산,1805.0,7.95,9159.0,1.57,300,2.09
506,331520,밸로프,18.0,44.17,575.0,1.38,0,0.0
507,066410,버킷스튜디오,63.0,18.3,1813.0,0.64,0,0.0
508,019010,베뉴지,342.0,6.52,7815.0,0.29,30,1.35
509,007210,벽산,591.0,3.71,4808.0,0.46,60,2.73
510,225530,보광산업,459.0,10.37,2619.0,1.82,300,6.3
511,250000,보라티알,1444.0,7.18,12811.0,0.81,250,2.41
512,002760,보락,14.0,80.29,814.0,1.38,5,0.44
513,003850,보령,610.0,18.52,8331.0,1.36,100,0.88
514,006910,보성파워텍,89.0,33.99,1733.0,1.75,0,0.0
515,001270,부국증권,6420.0,4.05,85122.0,0.31,1500,5.77
516,026940,부국철강,181.0,14.75,6623.0,0.4,75,2.81
517,011390,부산산업,3333.0,15.9,123239.0,0.43,250,0.47
518,008470,부스타,179.0,21.79,9572.0,0.41,60,1.54
519,100120,뷰웍스,1603.0,16.41,23482.0,1.12,350,1.33
520,337930,브랜드엑스코퍼레이션,384.0,28.28,3029.0,3.59,80,0.74
521,099390,브레인즈컴퍼니,620.0,10.69,5909.0,1.12,60,0.9
522,064480,브리지텍,308.0,20.52,4361.0,1.45,150,2.37
523,251630,브이원텍,201.0,26.77,7775.0,0.69,100,1.86
524,018290,브이티,799.0,40.3,3297.0,9.77,0,0.0
525,126340,비나텍,336.0,115.18,10881.0,3.56,0,0.0
526,318410,비비씨,966.0,9.97,13924.0,0.69,400,4.15
527,419540,비스토스,35.0,60.0,806.0,2.61,0,0.0
528,146320,비씨엔씨,101.0,148.02,5886.0,2.54,0,0.0
529,200780,비씨월드제약,312.0,18.53,9675.0,0.6,100,1.73
530,141000,비아트론,145.0,50.0,14987.0,0.48,0,0.0
531,090460,비에이치,2863.0,7.35,20195.0,1.04,250,1.19
532,083650,비에이치아이,267.0,30.11,2377.0,3.38,0,0.0
533,086670,비엠티,1846.0,5.74,13281.0,0.8,250,2.36
534,335890,비올,370.0,24.54,991.0,9.16,18,0.2
535,138580,비즈니스온,462.0,34.09,3156.0,4.99,0,0.0
536,082920,비츠로셀,1667.0,11.37,10469.0,1.81,250,1.32
537,148780,비큐AI,23.0,48.09,392.0,2.82,0,0.0
538,032850,비트컴퓨터,338.0,17.07,4041.0,1.43,62,1.07
539,238200,비피도,132.0,34.43,6321.0,0.72,0,0.0
540,093190,빅솔론,688.0,6.64,11281.0,0.4,200,4.38
541,005180,빙그레,9751.0,6.98,72564.0,0.94,2600,3.82
542,072950,빛샘전자,504.0,9.24,8847.0,0.53,70,1.5
543,143240,사람인,1740.0,10.2,16087.0,1.1,500,2.82
544,003960,사조대림,12123.0,4.88,75466.0,0.78,350,0.59
545,008040,사조동아원,76.0,14.13,1721.0,0.62,15,1.4
546,007160,사조산업,3853.0,18.63,105818.0,0.68,200,0.28
547,006090,사조오양,2154.0,4.76,23432.0,0.44,200,1.95
548,419120,산돌,427.0,16.56,7281.0,0.97,180,2.55
549,062040,산일전기,1761.0,25.44,5258.0,8.52,189,0.42
550,122350,삼기,167.0,9.89,3126.0,0.53,0,0.0
551,419050,삼기이브이,84.0,30.95,1262.0,2.06,0,0.0
552,014970,삼륭물산,135.0,29.56,4008.0,1.0,75,1.88
553,018310,삼목에스폼,8474.0,2.36,40225.0,0.5,300,1.5
554,053700,삼보모터스,1436.0,3.44,14431.0,0.34,50,1.01
555,023600,삼보판지,3355.0,2.81,34747.0,0.27,310,3.29
556,028050,삼성E&A,3846.0,7.09,17721.0,1.54,0,0.0
557,006400,삼성SDI,30044.0,10.22,276815.0,1.11,1000,0.33
558,006660,삼성공조,1736.0,7.23,34240.0,0.37,60,0.48
559,028260,삼성물산,13556.0,10.66,209233.0,0.69,2550,1.76
560,207940,삼성바이오로직스,12051.0,75.26,138119.0,6.57,0,0.0
561,032830,삼성생명,10554.0,9.13,236324.0,0.41,3700,3.84
562,018260,삼성에스디에스,8965.0,15.71,111933.0,1.26,2700,1.92
563,009150,삼성전기,5597.0,25.87,103878.0,1.39,1150,0.79
564,005930,삼성전자,2131.0,37.21,52002.0,1.52,1444,1.82
565,016360,삼성증권,6130.0,7.75,74162.0,0.64,2200,4.63
566,068290,삼성출판사,875.0,18.13,16613.0,0.95,200,1.26
567,029780,삼성카드,5711.0,7.28,76243.0,0.54,2500,6.02
568,000810,삼성화재,42777.0,8.28,379073.0,0.93,16000,4.52
569,006110,삼아알미늄,235.0,197.87,17332.0,2.68,100,0.22
570,009300,삼아제약,3502.0,7.15,32846.0,0.76,750,2.99
571,145990,삼양사,10647.0,4.77,149069.0,0.34,1750,3.44
572,003230,삼양식품,16929.0,31.19,75732.0,6.97,2100,0.4
573,002170,삼양통상,7753.0,6.1,155143.0,0.3,1500,3.17
574,272550,삼양패키징,1611.0,10.81,23724.0,0.73,500,2.87
575,000070,삼양홀딩스,22269.0,3.3,257475.0,0.29,3500,4.76
576,003720,삼영,567.0,6.96,2011.0,1.96,20,0.51
577,002810,삼영무역,2840.0,4.63,28483.0,0.46,600,4.56
578,054540,삼영엠텍,497.0,9.82,5534.0,0.88,100,2.05
579,005680,삼영전자,692.0,12.83,26481.0,0.34,300,3.38
580,023000,삼원강재,418.0,6.12,6102.0,0.42,110,4.3
581,004380,삼익THK,48.0,225.0,9792.0,1.1,100,0.93
582,002450,삼익악기,42.0,25.07,3245.0,0.32,50,4.75
583,032280,삼일,182.0,9.16,4039.0,0.41,30,1.8
584,002290,삼일기업공사,310.0,9.84,5262.0,0.58,175,5.74
585,004440,삼일씨엔에스,160.0,27.47,21133.0,0.21,0,0.0
586,000520,삼일제약,116.0,94.83,8838.0,1.24,0,0.0
587,009770,삼정펄프,5589.0,4.65,89655.0,0.29,1000,3.85
588,037460,삼지전자,2061.0,4.24,22651.0,0.39,450,5.15
589,032750,삼진,13.0,339.62,10240.0,0.43,70,1.59
590,005500,삼진제약,1460.0,13.1,20772.0,0.92,800,4.18
591,004690,삼천리,35116.0,2.57,443054.0,0.2,3000,3.32
592,024950,삼천리자전거,430.0,10.66,7621.0,0.6,0,0.0
593,038500,삼표시멘트,315.0,10.21,6575.0,0.49,100,3.11
594,437730,삼현,1107.0,20.28,5692.0,3.94,0,0.0
595,017480,삼현철강,674.0,6.98,12596.0,0.37,300,6.38
596,010960,삼호개발,675.0,4.92,10168.0,0.33,190,5.72
597,009470,삼화전기,840.0,60.0,10981.0,4.59,300,0.6
598,001820,삼화콘덴서,2028.0,19.67,23733.0,1.68,500,1.25
599,000390,삼화페인트,685.0,10.5,13069.0,0.55,400,5.56
600,027580,상보,8.0,176.63,1092.0,1.29,0,0.0
601,001290,상상인증권,5.0,96.0,2203.0,0.22,0,0.0
602,041650,상신브레이크,726.0,4.94,10590.0,0.34,110,3.07
603,091580,상신이디피,1944.0,5.92,10904.0,1.05,120,1.04
604,263810,상신전자,157.0,21.85,3048.0,1.13,0,0.0
605,089980,상아프론테크,769.0,27.96,12381.0,1.74,200,0.93
606,042940,상지건설,3680.0,0.75,10210.0,0.27,0,0.0
607,075180,새론오토모티브,173.0,22.69,11995.0,0.33,140,3.57
608,411080,샌즈랩,33.0,204.24,2981.0,2.26,0,0.0
609,007540,샘표,5210.0,9.48,98187.0,0.5,200,0.4
610,248170,샘표식품,2284.0,12.74,51784.0,0.56,200,0.69
611,006730,서부T&D,2134.0,2.93,13386.0,0.47,50,0.8
612,079650,서산,78.0,14.79,3524.0,0.33,0,0.0
613,100660,서암기계공업,153.0,27.78,5214.0,0.82,35,0.82
614,007860,서연,5174.0,1.48,29621.0,0.26,150,1.96
615,200880,서연이화,5839.0,2.67,32626.0,0.48,200,1.28
616,019770,서연탑메탈,727.0,5.69,7208.0,0.57,65,1.57
617,017390,서울가스,5188.0,10.52,273495.0,0.2,2250,4.12
618,018680,서울제약,302.0,18.08,3308.0,1.65,0,0.0
619,093920,서원인텍,775.0,7.29,11013.0,0.51,400,7.08
620,122690,서진오토모티브,417.0,6.4,4197.0,0.64,0,0.0
621,140070,서플러스글로벌,166.0,18.28,5402.0,0.56,30,0.99
622,011370,서한,85.0,9.58,3976.0,0.2,30,3.69
623,065710,서호전기,3112.0,6.22,18856.0,1.03,1500,7.74
624,008490,서흥,550.0,32.96,38283.0,0.47,100,0.55
625,035890,서희건설,683.0,2.04,4222.0,0.33,45,3.24
626,357550,석경에이티,635.0,72.83,6607.0,7.0,0,0.0
627,003100,선광,5163.0,3.19,62479.0,0.26,400,2.43
628,067370,선바이오,374.0,20.83,2284.0,3.41,75,0.96
629,136490,선진,585.0,12.15,18088.0,0.39,100,1.41
630,086710,선진뷰티사이언스,467.0,25.65,5817.0,2.06,40,0.33
631,014620,성광벤드,1402.0,11.59,18097.0,0.9,150,0.92
632,037350,성도이엔지,281.0,18.61,18406.0,0.28,100,1.91
633,003080,성보화학,65.0,41.69,6779.0,0.4,135,4.98
634,004980,성신양회,2683.0,3.15,21426.0,0.39,350,4.14
635,015750,성우하이텍,2125.0,3.41,16604.0,0.44,150,2.07
636,365340,성일하이텍,2068.0,25.82,25675.0,2.08,0,0.0
637,080470,성창오토텍,753.0,5.64,6590.0,0.64,50,1.18
638,043260,성호전자,364.0,4.97,2086.0,0.87,0,0.0
639,148150,세경하이테크,988.0,7.34,4101.0,1.77,300,4.14
640,053060,세동,557.0,2.06,2120.0,0.54,0,0.0
641,340440,세림B&G,134.0,10.4,1165.0,1.2,0,0.0
642,017510,세명전기,86.0,65.47,4917.0,1.15,70,1.24
643,004360,세방,3195.0,4.35,48847.0,0.28,300,2.16
644,004490,세방전지,8888.0,11.73,99261.0,1.05,700,0.67
645,011560,세보엠이씨,3014.0,3.42,21017.0,0.49,550,5.33
646,396300,세아메카닉스,240.0,12.56,2653.0,1.14,0,0.0
647,001430,세아베스틸지주,3576.0,5.41,54525.0,0.35,1200,6.2
648,306200,세아제강,67438.0,1.76,356148.0,0.33,8000,6.75
649,003030,세아제강지주,70197.0,2.39,445151.0,0.38,2000,1.19
650,058650,세아홀딩스,21043.0,4.81,551507.0,0.18,4000,3.95
651,013000,세우글로벌,89.0,14.21,1687.0,0.75,0,0.0
652,100700,세운메디칼,345.0,8.45,3122.0,0.93,70,2.4
653,024830,세원물산,1525.0,4.1,42723.0,0.15,100,1.6
654,067830,세이브존I&C,361.0,5.96,12561.0,0.17,30,1.4
655,036630,세종텔레콤,169.0,3.24,1447.0,0.38,0,0.0
656,039310,세중,759.0,2.17,5588.0,0.29,0,0.0
657,075580,세진중공업,312.0,23.78,3292.0,2.25,200,2.7
658,053450,세코닉스,778.0,7.6,8414.0,0.7,100,1.69
659,252500,세화피앤씨,67.0,14.97,946.0,1.06,17,1.69
660,208370,셀바스헬스케어,215.0,25.58,2342.0,2.35,0,0.0
661,068270,셀트리온,3759.0,52.14,81950.0,2.39,500,0.26
662,068760,셀트리온제약,514.0,138.91,9107.0,7.84,0,0.0
663,336370,솔루스첨단소재,2063.0,6.32,8062.0,1.62,100,0.77
664,248070,솔루엠,2464.0,7.58,8195.0,2.28,0,0.0
665,035610,솔본,1714.0,2.34,6418.0,0.62,0,0.0
666,357780,솔브레인,16832.0,15.33,115118.0,2.24,2000,0.78
667,036830,솔브레인홀딩스,4406.0,12.39,59882.0,0.91,200,0.37
668,328380,솔트웨어,22.0,46.27,670.0,1.52,0,0.0
669,004430,송원산업,1452.0,7.68,29400.0,0.38,250,2.24
670,050960,수산아이앤티,825.0,12.55,12522.0,0.83,125,1.21
671,126720,수산인더스트리,3414.0,6.4,34768.0,0.63,800,3.66
672,017550,수산중공업,298.0,6.39,2813.0,0.68,10,0.53
673,298830,슈어소프트테크,100.0,44.6,1567.0,2.85,0,0.0
674,236200,슈프리마,3316.0,8.04,29583.0,0.9,0,0.0
675,094840,슈프리마에이치큐,3989.0,1.6,22636.0,0.28,0,0.0
676,192440,슈피겐코리아,7073.0,3.73,77532.0,0.34,696,2.64
677,099440,스맥,476.0,6.92,2865.0,1.15,0,0.0
678,330730,스톤브릿지벤처스,356.0,10.63,5094.0,0.74,300,7.93
679,352090,스톰테크,936.0,8.51,6093.0,1.31,300,3.76
680,253450,스튜디오드래곤,1001.0,36.01,23546.0,1.53,0,0.0
681,408900,스튜디오미르,80.0,34.25,1170.0,2.34,0,0.0
682,415380,스튜디오삼익,649.0,14.31,5806.0,1.6,0,0.0
683,026890,스틱인베스트먼트,754.0,11.15,6906.0,1.22,250,2.97
684,049830,승일,71.0,107.46,24624.0,0.31,85,1.11
685,020710,시공테크,436.0,9.89,6933.0,0.62,80,1.86
686,048870,시너지이노베이션,28.0,98.39,2153.0,1.28,0,0.0
687,025320,시노펙스,180.0,48.39,1616.0,5.39,0,0.0
688,134790,시디즈,1456.0,19.23,38587.0,0.73,500,1.79
689,131090,시큐브,143.0,6.24,1138.0,0.78,25,2.8
690,462870,시프트업,3004.0,22.0,3652.0,18.1,0,0.0
691,016590,신대양제지,1359.0,4.14,17480.0,0.32,150,2.66
692,029530,신도리코,6371.0,5.95,114955.0,0.33,1500,3.96
693,004970,신라교역,1087.0,8.84,36114.0,0.27,500,5.2
694,025870,신라에스지,74.0,88.92,4368.0,1.51,0,0.0
695,065350,신성델타테크,463.0,122.46,7621.0,7.44,120,0.21
696,416180,신성에스티,1229.0,25.39,10776.0,2.9,200,0.64
697,011930,신성이엔지,80.0,22.73,1195.0,1.52,0,0.0
698,005390,신성통상,579.0,3.88,2950.0,0.76,50,2.23
699,004170,신세계,23574.0,6.16,445995.0,0.33,4000,2.75
700,035510,신세계 I&C,2316.0,4.1,29077.0,0.33,350,3.69
701,031430,신세계인터내셔날,1098.0,12.21,23781.0,0.56,400,2.98
702,031440,신세계푸드,2749.0,13.11,74863.0,0.48,750,2.08
703,006880,신송홀딩스,813.0,8.55,9513.0,0.73,120,1.73
704,162300,신스틸,158.0,16.9,1740.0,1.53,19,0.71
705,002800,신신제약,308.0,22.47,4106.0,1.69,60,0.87
706,005800,신영와코루,557.0,16.03,40631.0,0.22,150,1.68
707,001720,신영증권,11893.0,6.67,188226.0,0.42,4000,5.04
708,009270,신원,77.0,16.27,2918.0,0.43,70,5.59
709,017000,신원종합개발,737.0,5.36,9068.0,0.44,0,0.0
710,002700,신일전자,15.0,98.87,1170.0,1.27,15,1.01
711,012790,신일제약,1180.0,6.91,11670.0,0.7,170,2.09
712,138070,신진에스엠,237.0,12.36,4602.0,0.64,50,1.71
713,055550,신한지주,8048.0,7.23,104769.0,0.56,2100,3.61
714,187270,신화콘텍,430.0,8.78,6619.0,0.57,50,1.32
715,004080,신흥,980.0,14.44,12064.0,1.17,270,1.91
716,243840,신흥에스이씨,781.0,10.5,7407.0,1.11,86,1.05
717,257720,실리콘투,631.0,71.24,2235.0,20.11,0,0.0
718,160980,싸이맥스,1157.0,11.65,15902.0,0.85,350,2.6
719,356890,싸이버원,168.0,18.9,2562.0,1.24,20,0.63
720,010280,쌍용정보통신,84.0,7.15,977.0,0.62,0,0.0
721,004770,써니전자,111.0,14.29,2207.0,0.72,30,1.89
722,037760,쎄니트,90.0,17.02,2914.0,0.53,40,2.61
723,099320,쎄트렉아이,4784.0,8.32,19893.0,2.0,150,0.38
724,049960,쎌바이오텍,921.0,15.01,16348.0,0.85,450,3.26
725,050890,쏠리드,671.0,7.18,4478.0,1.08,50,1.04
726,066790,씨씨에스,49.0,38.76,536.0,3.54,0,0.0
727,222080,씨아이에스,434.0,26.01,3747.0,3.01,0,0.0
728,352480,씨앤씨인터내셔널,3142.0,32.59,17264.0,5.93,0,0.0
729,264660,씨앤지하이테크,1507.0,9.37,12448.0,1.13,400,2.83
730,352700,씨앤투스,123.0,25.2,6133.0,0.51,50,1.61
731,112610,씨에스윈드,480.0,133.13,21647.0,2.95,500,0.78
732,359090,씨엔알리서치,102.0,12.64,770.0,1.67,0,0.0
733,115530,씨엔플러스,6.0,95.0,166.0,3.43,0,0.0
734,376290,씨유테크,52.0,63.46,5693.0,0.58,16,0.48
735,096530,씨젠,14.0,2428.57,22320.0,1.52,800,2.35
736,101240,씨큐브,358.0,17.09,7455.0,0.82,0,0.0
737,260930,씨티케이,369.0,16.61,8448.0,0.73,100,1.63
738,013990,아가방컴퍼니,410.0,10.17,5439.0,0.77,0,0.0
739,123860,아나패스,230.0,91.74,4438.0,4.75,0,0.0
740,025980,아난티,1127.0,4.45,7054.0,0.71,0,0.0
741,008700,아남전자,91.0,14.92,1381.0,0.98,0,0.0
742,125210,아모그린텍,789.0,11.77,4169.0,2.23,0,0.0
743,002790,아모레G,1296.0,19.33,37035.0,0.68,245,0.98
744,090430,아모레퍼시픽,2609.0,46.65,70961.0,1.72,910,0.75
745,074430,아미노로직스,28.0,47.21,620.0,2.13,0,0.0
746,083930,아바코,306.0,50.1,12784.0,1.2,200,1.3
747,149950,아바텍,346.0,34.1,10274.0,1.15,100,0.85
748,002030,아세아,54991.0,4.47,626202.0,0.39,5000,2.03
749,183190,아세아시멘트,2312.0,4.92,27147.0,0.42,255,2.24
750,002310,아세아제지,1857.0,4.3,20168.0,0.4,484,6.07
751,050860,아세아텍,451.0,4.99,6134.0,0.37,50,2.22
752,136410,아셈스,286.0,23.92,5487.0,1.25,0,0.0
753,159010,아스플로,272.0,32.43,4372.0,2.02,0,0.0
754,267850,아시아나IDT,987.0,16.02,14847.0,1.06,500,3.16
755,020560,아시아나항공,386.0,24.9,9138.0,1.05,0,0.0
756,143160,아이디스,1951.0,8.05,21214.0,0.74,300,1.91
757,054800,아이디스홀딩스,2624.0,3.67,29473.0,0.33,250,2.6
758,332370,아이디피,451.0,7.88,4127.0,0.86,120,3.38
759,122900,아이마켓코리아,481.0,17.61,10917.0,0.78,600,7.08
760,339950,아이비김영,180.0,10.24,1036.0,1.78,20,1.09
761,099190,아이센스,135.0,127.93,10337.0,1.67,100,0.58
762,214430,아이쓰리시스템,1810.0,18.07,12937.0,2.53,350,1.07
763,010780,아이에스동서,5338.0,4.16,51629.0,0.43,1500,6.76
764,262840,아이퀘스트,172.0,13.2,2478.0,0.92,100,4.41
765,052460,아이크래프트,381.0,6.33,3153.0,0.76,80,3.32
766,124500,아이티센,32.0,148.75,3038.0,1.57,0,0.0
767,114840,아이패밀리에스씨,1167.0,21.38,4012.0,6.22,158,0.63
768,027360,아주IB투자,141.0,15.67,2185.0,1.01,50,2.26
769,013310,아진산업,1315.0,2.41,7523.0,0.42,100,3.15
770,059120,아진엑스텍,54.0,169.63,4694.0,1.95,0,0.0
771,158430,아톤,437.0,8.24,3537.0,1.02,30,0.83
772,001540,안국약품,114.0,69.56,13382.0,0.59,220,2.77
773,053800,안랩,4125.0,13.53,32433.0,1.72,1300,2.33
774,297570,알로이스,141.0,7.09,1175.0,0.85,0,0.0
775,001780,알루코,201.0,12.81,2883.0,0.89,0,0.0
776,260660,알리코제약,204.0,25.74,5933.0,0.88,130,2.48
777,131370,알서포트,139.0,26.83,1777.0,2.1,10,0.27
778,061040,알에프텍,128.0,26.64,7406.0,0.46,0,0.0
779,314140,알피바이오,630.0,11.9,11878.0,0.63,50,0.67
780,018250,애경산업,1897.0,9.28,14771.0,1.19,580,3.3
781,161000,애경케미칼,686.0,14.97,15256.0,0.67,250,2.43
782,310200,애니플러스,204.0,15.37,2104.0,1.49,0,0.0
783,052790,액토즈소프트,3115.0,2.52,22769.0,0.34,0,0.0
784,290740,액트로,616.0,10.39,7315.0,0.87,100,1.56
785,129890,앱코,36.0,30.58,1149.0,0.96,0,0.0
786,030960,양지사,89.0,112.92,13503.0,0.74,50,0.5
787,238120,얼라인드,225.0,16.44,2178.0,1.7,0,0.0
788,270660,에브리봇,231.0,83.12,5342.0,3.59,0,0.0
789,038680,에스넷,1187.0,3.58,5419.0,0.79,120,2.82
790,121890,에스디시스템,208.0,7.9,947.0,1.73,0,0.0
791,042110,에스씨디,100.0,14.52,2515.0,0.58,30,2.07
792,103230,에스앤더블류,482.0,8.06,6310.0,0.62,0,0.0
793,260970,에스앤디,2925.0,13.52,21830.0,1.81,500,1.26
794,101490,에스앤에스텍,1234.0,23.26,10499.0,2.73,150,0.52
795,275630,에스에스알,293.0,11.43,4952.0,0.68,0,0.0
796,031330,에스에이엠티,336.0,10.25,3850.0,0.89,200,5.81
797,060540,에스에이티,62.0,28.47,3831.0,0.46,50,2.83
798,056190,에스에프에이,1193.0,20.62,31572.0,0.78,280,1.14
799,080000,에스엔유,207.0,10.24,4200.0,0.5,0,0.0
800,005850,에스엘,7285.0,4.76,41872.0,0.83,900,2.59
801,246250,에스엘에스바이오,102.0,42.89,878.0,4.98,50,1.14
802,041510,에스엠,3719.0,17.59,30825.0,2.12,1200,1.83
803,010580,에스엠벡셀,6.0,210.83,599.0,2.11,0,0.0
804,464080,에스오에스랩,691.0,7.89,1285.0,4.24,0,0.0
805,365330,에스와이스틸텍,444.0,8.76,1510.0,2.58,50,1.29
806,012750,에스원,5604.0,10.22,47260.0,1.21,2700,4.71
807,306040,에스제이그룹,1348.0,4.89,14010.0,0.47,250,3.79
808,033530,에스제이지세종,149.0,33.76,15243.0,0.33,150,2.98
809,069510,에스텍,2576.0,4.27,18523.0,0.59,500,4.55
810,234300,에스트래픽,626.0,5.89,3446.0,1.07,40,1.08
811,039440,에스티아이,1631.0,16.43,16128.0,1.66,200,0.75
812,098660,에스티오,166.0,14.64,2492.0,0.98,110,4.53
813,237690,에스티팜,1041.0,94.62,20445.0,4.82,500,0.51
814,443670,에스피소프트,243.0,42.26,1816.0,5.66,0,0.0
815,058610,에스피지,496.0,46.47,9871.0,2.34,200,0.87
816,298690,에어부산,811.0,3.0,1602.0,1.52,0,0.0
817,078520,에이블씨엔씨,236.0,33.05,3371.0,2.31,1427,18.29
818,003800,에이스침대,4871.0,5.35,61828.0,0.42,1400,5.37
819,241840,에이스토리,529.0,13.97,6723.0,1.1,0,0.0
820,453860,에이에스텍,1551.0,18.09,8305.0,3.38,0,0.0
821,172670,에이엘티,635.0,16.25,11953.0,0.86,100,0.97
822,445090,에이직랜드,469.0,68.66,9158.0,3.52,0,0.0
823,072990,에이치시티,852.0,12.25,11428.0,0.91,0,0.0
824,148930,에이치와이티씨,556.0,9.23,6017.0,0.85,0,0.0
825,044780,에이치케이,103.0,13.67,3297.0,0.43,0,0.0
826,357230,에이치피오,384.0,8.33,3440.0,0.93,100,3.13
827,071670,에이테크솔루션,160.0,43.38,8574.0,0.81,0,0.0
828,045660,에이텍,618.0,24.16,11830.0,1.26,200,1.34
829,224110,에이텍모빌리티,1277.0,10.96,12209.0,1.15,200,1.43
830,021080,에이티넘인베스트,432.0,5.84,3855.0,0.65,120,4.75
831,262260,에이프로,868.0,9.22,5037.0,1.59,200,2.5
832,244920,에이플러스에셋,451.0,9.62,6651.0,0.65,200,4.61
833,278470,에이피알,11245.0,24.19,27071.0,10.05,0,0.0
834,230240,에치에프알,139.0,69.93,13053.0,0.74,220,2.26
835,230360,에코마케팅,1253.0,8.78,6976.0,1.58,200,1.82
836,038870,에코바이오,194.0,22.94,6303.0,0.71,0,0.0
837,097780,에코볼트,259.0,3.84,4012.0,0.25,0,0.0
838,448280,에코아이,1955.0,10.26,13274.0,1.51,500,2.49
839,128540,에코캡,80.0,20.84,3461.0,0.48,0,0.0
840,086520,에코프로,388.0,220.1,12678.0,6.74,0,0.0
841,450080,에코프로머티,85.0,943.53,11584.0,6.92,0,0.0
842,383310,에코프로에이치엔,2201.0,21.94,7254.0,6.66,600,1.24
843,038110,에코플라스틱,1281.0,2.64,5393.0,0.63,60,1.78
844,073540,에프알텍,175.0,7.75,5098.0,0.27,0,0.0
845,064850,에프앤가이드,680.0,12.13,5183.0,1.59,180,2.18
846,083500,에프엔에스테크,222.0,48.87,8014.0,1.35,80,0.74
847,205100,엑셈,145.0,13.36,1464.0,1.32,28,1.45
848,356680,엑스게이트,11.0,335.91,1418.0,2.61,0,0.0
849,092870,엑시콘,454.0,32.53,13557.0,1.09,100,0.68
850,067570,엔브이에이치코리아,137.0,19.42,4958.0,0.54,150,5.64
851,333620,엔시스,218.0,44.54,5588.0,1.74,40,0.41
852,101400,엔시트론,19.0,25.42,631.0,0.77,0,0.0
853,036570,엔씨소프트,10446.0,18.33,160025.0,1.2,3130,1.63
854,265740,엔에프씨,412.0,17.94,6809.0,1.09,40,0.54
855,419080,엔젯,30.0,378.33,4588.0,2.47,0,0.0
856,085310,엔케이,754.0,1.13,2202.0,0.39,0,0.0
857,182400,엔케이맥스,65.0,31.08,1353.0,1.49,0,0.0
858,227950,엔투텍,105.0,5.48,1074.0,0.54,0,0.0
859,198080,엔피디,153.0,18.89,4317.0,0.67,0,0.0
860,048830,엔피케이,91.0,12.68,2378.0,0.49,30,2.6
861,290650,엘앤씨바이오,2132.0,8.93,6478.0,2.94,100,0.53
862,083310,엘오티베큠,3273.0,3.59,15723.0,0.75,200,1.7
863,037950,엘컴텍,30.0,45.47,888.0,1.54,0,0.0
864,058630,엠게임,1144.0,5.13,5957.0,0.99,150,2.56
865,019590,엠벤처투자,171.0,5.39,703.0,1.31,0,0.0
866,169330,엠브레인,218.0,10.16,1676.0,1.32,120,5.42
867,097520,엠씨넥스,1585.0,12.68,18369.0,1.09,600,2.99
868,373170,엠아이큐브솔루션,602.0,13.54,4626.0,1.76,200,2.45
869,179290,엠아이텍,398.0,19.02,2879.0,2.63,80,1.06
870,009780,엠에스씨,1049.0,4.92,8543.0,0.6,100,1.94
871,123040,엠에스오토텍,268.0,13.53,4618.0,0.78,75,2.07
872,347890,엠투아이,378.0,17.06,4374.0,1.47,220,3.41
873,033310,엠투엔,82.0,28.29,3431.0,0.68,0,0.0
874,259630,엠플러스,1646.0,7.22,6141.0,1.94,100,0.84
875,060850,영림원소프트랩,469.0,16.72,5572.0,1.41,80,1.02
876,014440,영보화학,306.0,11.37,8403.0,0.41,50,1.44
877,111770,영원무역,11762.0,3.43,74013.0,0.55,1300,3.22
878,009970,영원무역홀딩스,32032.0,2.55,202971.0,0.4,3970,4.85
879,036560,영풍정밀,1855.0,5.07,21362.0,0.44,600,6.38
880,012280,영화금속,145.0,5.74,1307.0,0.64,20,2.4
881,265560,영화테크,570.0,14.28,5860.0,1.39,80,0.98
882,036000,예림당,391.0,4.38,5677.0,0.3,0,0.0
883,015360,예스코홀딩스,5541.0,8.0,109369.0,0.41,8750,19.73
884,045060,오공,524.0,5.77,6519.0,0.46,50,1.65
885,080520,오디텍,279.0,14.27,11630.0,0.34,100,2.51
886,007310,오뚜기,46617.0,8.97,562474.0,0.74,9000,2.15
887,039830,오로라,703.0,8.42,13422.0,0.44,150,2.53
888,322310,오로스테크놀로지,363.0,55.51,6729.0,2.99,0,0.0
889,014940,오리엔탈정공,196.0,23.04,1908.0,2.37,50,1.11
890,271560,오리온,9528.0,9.83,72413.0,1.29,1250,1.33
891,001800,오리온홀딩스,1423.0,10.86,36513.0,0.42,750,4.85
892,010470,오리콤,847.0,7.63,10149.0,0.64,270,4.18
893,352910,오비고,33.0,189.7,3017.0,2.07,0,0.0
894,053980,오상자이엘,1265.0,4.23,5083.0,1.05,0,0.0
895,036220,오상헬스케어,9148.0,2.12,23285.0,0.83,2000,10.31
896,052420,오성첨단소재,167.0,13.89,2791.0,0.83,0,0.0
897,226400,오스테오닉,193.0,27.93,2620.0,2.06,0,0.0
898,031510,오스템,325.0,3.7,3776.0,0.32,50,4.16
899,080580,오킨스전자,62.0,100.16,2077.0,2.99,0,0.0
900,173130,오파스넷,807.0,8.92,3525.0,2.04,100,1.39
901,440320,오픈놀,155.0,31.39,3828.0,1.27,0,0.0
902,049480,오픈베이스,166.0,14.34,2588.0,0.92,25,1.05
903,309930,오하임앤컴퍼니,116.0,21.47,1440.0,1.73,0,0.0
904,057540,옴니시스템,14.0,62.29,1736.0,0.5,0,0.0
905,131030,옵투스제약,708.0,9.89,8811.0,0.79,100,1.43
906,082210,옵트론텍,389.0,6.77,1473.0,1.79,0,0.0
907,109080,옵티시스,477.0,16.5,10832.0,0.73,100,1.27
908,122990,와이솔,477.0,14.13,12573.0,0.54,250,3.71
909,232140,와이씨,169.0,94.73,3853.0,4.16,0,0.0
910,065530,와이어블,49.0,31.98,1574.0,1.0,50,3.19
911,067900,와이엔텍,1330.0,5.19,13859.0,0.5,50,0.72
912,007530,와이엠,50.0,57.4,2294.0,1.25,0,0.0
913,155650,와이엠씨,752.0,5.27,6217.0,0.64,200,5.05
914,273640,와이엠텍,609.0,26.03,5505.0,2.88,180,1.14
915,066430,와이오엠,74.0,8.18,1098.0,0.55,0,0.0
916,273060,와이즈버즈,17.0,58.41,904.0,1.1,0,0.0
917,019210,와이지-원,731.0,7.25,10244.0,0.52,280,5.28
918,122870,와이지엔터테인먼트,3310.0,10.63,25166.0,1.4,300,0.85
919,332570,와이팜,529.0,5.41,2210.0,1.29,0,0.0
920,079000,와토스코리아,370.0,13.73,11013.0,0.46,200,3.94
921,403490,우듬지팜,34.0,60.0,836.0,2.44,0,0.0
922,316140,우리금융지주,3231.0,5.08,42116.0,0.39,1000,6.09
923,032820,우리기술,33.0,62.27,672.0,3.06,0,0.0
924,041190,우리기술투자,1566.0,4.76,6692.0,1.11,0,0.0
925,115440,우리넷,636.0,11.08,7071.0,1.0,0,0.0
926,082850,우리바이오,331.0,15.14,4227.0,1.19,0,0.0
927,215360,우리산업,1939.0,6.7,10771.0,1.21,165,1.27
928,072470,우리산업홀딩스,410.0,7.93,6930.0,0.47,50,1.54
929,073560,우리손에프앤지,22.0,59.5,3625.0,0.36,25,1.91
930,037400,우리엔터프라이즈,208.0,7.38,5536.0,0.28,0,0.0
931,153490,우리이앤엘,107.0,8.27,1616.0,0.55,0,0.0
932,101170,우림피티에스,381.0,16.38,6775.0,0.92,50,0.8
933,006980,우성,4307.0,3.88,71109.0,0.23,300,1.8
934,066590,우수AMS,261.0,11.57,2109.0,1.43,0,0.0
935,017370,우신시스템,477.0,15.32,6200.0,1.18,50,0.68
936,046940,우원개발,82.0,35.73,5712.0,0.51,0,0.0
937,065680,우주일렉트로,684.0,25.25,27866.0,0.62,150,0.87
938,105840,우진,589.0,14.24,8509.0,0.99,200,2.38
939,010400,우진아이엔에스,288.0,12.29,14230.0,0.25,0,0.0
940,457550,우진엔텍,830.0,22.17,4701.0,3.91,330,1.79
941,049800,우진플라임,303.0,8.09,5321.0,0.46,50,2.04
942,396470,워트,172.0,65.99,3765.0,3.01,50,0.44
943,005820,원림,3577.0,4.41,58550.0,0.27,500,3.17
944,307280,원바이오젠,157.0,9.82,908.0,1.7,20,1.3
945,074600,원익QnC,1451.0,20.26,15504.0,1.9,57,0.19
946,104830,원익머트리얼즈,1098.0,27.0,35554.0,0.83,150,0.51
947,014190,원익큐브,140.0,11.96,2944.0,0.57,0,0.0
948,012620,원일특강,1818.0,4.11,35162.0,0.21,220,2.95
949,382840,원준,369.0,29.97,7851.0,1.41,200,1.81
950,336570,원텍,441.0,13.17,1126.0,5.16,50,0.86
951,376980,원티드랩,155.0,32.16,3829.0,1.3,0,0.0
952,008370,원풍,591.0,8.34,7957.0,0.62,220,4.46
953,101160,월덱스,3261.0,7.94,14506.0,1.79,60,0.23
954,336060,웨이버스,148.0,9.41,732.0,1.9,0,0.0
955,095270,웨이브일렉트로,48.0,114.79,4553.0,1.21,0,0.0
956,043590,웰킵스하이텍,343.0,2.62,1598.0,0.56,0,0.0
957,196700,웹스,70.0,20.9,2378.0,0.62,0,0.0
958,069080,웹젠,1955.0,9.49,21098.0,0.88,300,1.62
959,053580,웹케시,416.0,17.93,7720.0,0.97,100,1.34
960,044340,위닉스,633.0,10.93,13257.0,0.52,300,4.34
961,330350,위더스제약,603.0,14.05,6839.0,1.24,100,1.18
962,348350,위드텍,630.0,13.43,11469.0,0.74,0,0.0
963,101730,위메이드맥스,194.0,42.89,2524.0,3.3,0,0.0
964,123420,위메이드플레이,415.0,18.8,20967.0,0.37,0,0.0
965,038620,위즈코프,23.0,27.43,1277.0,0.49,0,0.0
966,299900,위지윅스튜디오,299.0,5.16,1311.0,1.18,0,0.0
967,136540,윈스,1681.0,7.75,14933.0,0.87,500,3.84
968,192390,윈하이텍,610.0,5.87,6383.0,0.56,60,1.68
969,335870,윙스풋,203.0,6.08,1793.0,0.69,0,0.0
970,033270,유나이티드제약,3298.0,7.2,25898.0,0.92,420,1.77
971,014830,유니드,2450.0,34.0,136033.0,0.61,1600,1.92
972,446070,유니드비티플러스,81.0,59.07,18099.0,0.26,0,0.0
973,036200,유니셈,620.0,12.63,7288.0,1.07,80,1.02
974,000910,유니온,468.0,9.54,8302.0,0.54,125,2.8
975,203450,유니온커뮤니티,238.0,10.65,3087.0,0.82,70,2.76
976,077500,유니퀘스트,771.0,6.98,9906.0,0.54,200,3.72
977,011320,유니크,330.0,13.67,6072.0,0.74,45,1.0
978,086390,유니테스트,332.0,32.38,7270.0,1.48,150,1.4
979,241690,유니테크노,373.0,12.68,5150.0,0.92,0,0.0
980,142210,유니트론텍,1002.0,5.59,5697.0,0.98,100,1.79
981,088340,유라클,1206.0,13.98,4407.0,3.83,0,0.0
982,048430,유라테크,1507.0,4.59,11693.0,0.59,190,2.75
983,089850,유비벨록스,1439.0,5.15,8442.0,0.88,280,3.78
984,264450,유비쿼스,2529.0,5.27,16113.0,0.83,510,3.83
985,078070,유비쿼스홀딩스,847.0,11.84,14656.0,0.68,250,2.49
986,002920,유성기업,381.0,6.18,11627.0,0.2,60,2.55
987,024800,유성티엔에스,1703.0,1.22,12622.0,0.16,0,0.0
988,000700,유수홀딩스,417.0,12.71,13687.0,0.39,350,6.6
989,054930,유신,6698.0,3.74,42319.0,0.59,750,2.99
990,049520,유아이엘,540.0,11.57,7593.0,0.82,0,0.0
991,003470,유안타증권,299.0,9.95,7793.0,0.38,180,6.05
992,263770,유에스티,498.0,4.57,3348.0,0.68,100,4.4
993,072130,유엔젤,120.0,25.79,4588.0,0.67,0,0.0
994,023410,유진기업,959.0,3.63,14368.0,0.24,170,4.88
995,084370,유진테크,1099.0,45.59,15517.0,3.23,200,0.4
996,001200,유진투자증권,334.0,14.75,11018.0,0.45,60,1.22
997,221800,유투바이오,63.0,72.7,3366.0,1.36,30,0.66
998,000100,유한양행,1815.0,51.07,27491.0,3.37,450,0.49
999,003460,유화증권,119.0,18.87,8346.0,0.27,120,5.35
1000,372170,윤성에프앤씨,3073.0,16.4,20202.0,2.49,150,0.3
1001,025820,이구산업,20.0,229.25,3766.0,1.22,50,1.09
1002,067920,이글루,835.0,6.26,7291.0,0.72,180,3.44
1003,044960,이글벳,242.0,21.2,3694.0,1.39,40,0.78
1004,303530,이노뎁,144.0,54.31,5510.0,1.42,0,0.0
1005,296640,이노룰스,7.0,875.71,5939.0,1.03,60,0.98
1006,302430,이노메트리,800.0,12.48,6563.0,1.52,0,0.0
1007,214320,이노션,2544.0,7.55,22771.0,0.84,1175,6.12
1008,056090,이노시스,21.0,63.67,763.0,1.75,0,0.0
1009,073490,이노와이어리스,1430.0,13.01,21824.0,0.85,350,1.88
1010,344860,이노진,120.0,16.58,1340.0,1.48,30,1.51
1011,272290,이녹스첨단소재,1673.0,17.04,20702.0,1.38,250,0.88
1012,452400,이닉스,1837.0,9.84,13452.0,1.34,416,2.3
1013,264850,이랜시스,168.0,35.06,1570.0,3.75,50,0.85
1014,054210,이랜텍,659.0,10.17,9538.0,0.7,80,1.19
1015,009730,이렘,3.0,708.33,1094.0,1.94,0,0.0
1016,065440,이루온,141.0,9.79,1706.0,0.81,0,0.0
1017,131400,이브이첨단소재,28.0,89.29,2035.0,1.23,0,0.0
1018,080010,이상네트웍스,620.0,8.65,12329.0,0.43,770,14.37
1019,086890,이수앱지스,108.0,63.8,2230.0,3.09,0,0.0
1020,007660,이수페타시스,755.0,60.53,4218.0,10.83,100,0.22
1021,067010,이씨에스,378.0,8.76,4538.0,0.73,120,3.63
1022,063760,이엘피,64.0,44.14,7330.0,0.39,50,1.77
1023,123570,이엠넷,189.0,14.58,4232.0,0.65,50,1.81
1024,102460,이연제약,195.0,76.15,13556.0,1.1,150,1.01
1025,039030,이오테크닉스,3026.0,60.34,45930.0,3.98,450,0.25
1026,353810,이지바이오,455.0,8.4,1839.0,2.08,100,2.62
1027,035810,이지홀딩스,407.0,6.74,8970.0,0.31,120,4.37
1028,092130,이크레더블,975.0,12.86,3776.0,3.32,780,6.22
1029,134060,이퓨쳐,337.0,12.76,5461.0,0.79,0,0.0
1030,041830,인바디,2819.0,8.66,19096.0,1.28,350,1.43
1031,101140,인바이오젠,2216.0,4.21,14891.0,0.63,0,0.0
1032,277410,인산가,141.0,11.57,1713.0,0.95,50,3.06
1033,060150,인선이엔티,38.0,166.05,7666.0,0.82,0,0.0
1034,450520,인스웨이브시스템즈,384.0,11.33,3131.0,1.39,0,0.0
1035,037330,인지디스플레,370.0,4.31,4618.0,0.35,50,3.13
1036,100030,인지소프트,1934.0,9.42,19215.0,0.95,728,4.0
1037,023800,인지컨트롤스,922.0,7.34,13906.0,0.49,200,2.95
1038,034590,인천도시가스,4251.0,6.05,51324.0,0.5,1250,4.86
1039,211050,인카금융서비스,575.0,8.97,1923.0,2.68,70,1.36
1040,216050,인크로스,1047.0,6.43,9480.0,0.71,321,4.77
1041,049070,인탑스,1715.0,13.82,39253.0,0.6,235,0.99
1042,119610,인터로조,1103.0,22.57,15008.0,1.66,600,2.41
1043,017250,인터엠,406.0,2.71,1921.0,0.57,0,0.0
1044,129260,인터지스,475.0,4.73,9198.0,0.24,100,4.45
1045,051370,인터플렉스,1171.0,10.13,9452.0,1.25,0,0.0
1046,189300,인텔리안테크,572.0,95.98,26164.0,2.1,100,0.18
1047,023810,인팩,1112.0,6.6,12029.0,0.61,180,2.45
1048,115310,인포바인,3341.0,6.15,49587.0,0.41,900,4.38
1049,039290,인포뱅크,734.0,9.4,8990.0,0.77,50,0.72
1050,071200,인피니트헬스케어,785.0,5.92,5498.0,0.84,0,0.0
1051,101930,인화정공,270.0,76.67,18604.0,1.11,2250,10.87
1052,013360,일성건설,57.0,25.51,2309.0,0.63,0,0.0
1053,333430,일승,125.0,27.52,1237.0,2.78,0,0.0
1054,068330,일신바이오,148.0,15.17,1369.0,1.64,7,0.31
1055,003200,일신방직,360.0,22.69,40268.0,0.2,100,1.22
1056,007110,일신석재,21.0,60.95,736.0,1.74,0,0.0
1057,019540,일지테크,2444.0,1.86,9284.0,0.49,100,2.21
1058,081000,일진다이아,704.0,18.99,28457.0,0.47,300,2.24
1059,103590,일진전기,881.0,27.13,9465.0,2.53,220,0.92
1060,094820,일진파워,635.0,15.92,8668.0,1.17,330,3.26
1061,271940,일진하이솔루스,39.0,548.72,8699.0,2.46,0,0.0
1062,015860,일진홀딩스,597.0,6.56,9819.0,0.4,150,3.83
1063,226320,잇츠한불,193.0,65.23,20949.0,0.6,150,1.19
1064,049550,잉크테크,189.0,21.11,3736.0,1.07,0,0.0
1065,043910,자연과환경,48.0,14.71,811.0,0.87,0,0.0
1066,317400,자이에스앤디,1009.0,4.65,10548.0,0.44,150,3.2
1067,049630,재영솔루텍,14.0,49.64,757.0,0.92,0,0.0
1068,079900,전진건설로봇,2105.0,9.74,7591.0,2.7,1052,5.13
1069,208140,정다운,999.0,2.64,3733.0,0.71,300,11.39
1070,040420,정상제이엘에스,891.0,7.32,5619.0,1.16,530,8.13
1071,045510,정원엔시스,54.0,18.48,1367.0,0.73,0,0.0
1072,217190,제너셈,425.0,22.16,4857.0,1.94,0,0.0
1073,122310,제노레이,912.0,6.73,6982.0,0.88,160,2.61
1074,361390,제노코,221.0,67.47,4645.0,3.21,50,0.34
1075,159580,제로투세븐,48.0,96.98,4070.0,1.14,50,1.07
1076,147830,제룡산업,379.0,19.05,3977.0,1.82,200,2.77
1077,033100,제룡전기,3510.0,19.17,7770.0,8.66,500,0.74
1078,079370,제우스,324.0,47.93,9813.0,1.58,100,0.64
1079,054950,제이브이엠,2278.0,9.75,15584.0,1.42,400,1.8
1080,287410,제이시스메디칼,328.0,39.66,1262.0,10.31,0,0.0
1081,137950,제이씨케미칼,946.0,5.66,7504.0,0.71,150,2.8
1082,417500,제이아이테크,114.0,35.04,1976.0,2.02,0,0.0
1083,204270,제이앤티씨,311.0,57.88,6223.0,2.89,0,0.0
1084,194370,제이에스코퍼레이션,3499.0,4.5,21974.0,0.72,900,5.71
1085,026040,제이에스티나,54.0,33.69,3018.0,0.6,100,5.5
1086,126880,제이엔케이글로벌,163.0,22.12,4930.0,0.73,0,0.0
1087,033050,제이엠아이,77.0,11.71,1608.0,0.56,0,0.0
1088,094970,제이엠티,1349.0,3.4,7335.0,0.63,50,1.09
1089,418550,제이오,608.0,28.59,4585.0,3.79,0,0.0
1090,420570,제이투케이바이오,1001.0,17.2,3533.0,4.87,0,0.0
1091,089790,제이티,601.0,10.3,6552.0,0.94,0,0.0
1092,030000,제일기획,1849.0,9.52,12703.0,1.39,1110,6.31
1093,271980,제일약품,343.0,45.83,10882.0,1.44,50,0.32
1094,001560,제일연마,1536.0,5.46,13916.0,0.6,300,3.58
1095,199820,제일일렉트릭,361.0,19.17,5668.0,1.22,200,2.89
1096,038010,제일테크노스,3112.0,2.23,13610.0,0.51,180,2.59
1097,080220,제주반도체,485.0,31.01,4670.0,3.22,0,0.0
1098,006220,제주은행,66.0,144.39,16678.0,0.57,100,1.05
1099,089590,제주항공,1650.0,5.39,3862.0,2.3,0,0.0
1100,216080,제테마,783.0,21.32,4004.0,4.17,0,0.0
1101,004910,조광페인트,468.0,15.17,17221.0,0.41,200,2.82
1102,004700,조광피혁,2546.0,20.93,122353.0,0.44,0,0.0
1103,462520,조선내화,1990.0,8.55,17960.0,0.95,0,0.0
1104,120030,조선선재,12933.0,7.36,146238.0,0.65,500,0.53
1105,067000,조이시티,80.0,24.68,1517.0,1.3,0,0.0
1106,002600,조흥,592.0,292.23,249400.0,0.69,6000,3.47
1107,185750,종근당,15941.0,7.46,64233.0,1.85,1100,0.93
1108,001630,종근당홀딩스,9744.0,5.45,118253.0,0.45,1400,2.64
1109,033340,좋은사람들,29.0,32.93,581.0,1.64,0,0.0
1110,036930,주성엔지니어링,716.0,41.62,10890.0,2.74,50,0.17
1111,072020,중앙백신,621.0,17.34,10333.0,1.04,150,1.39
1112,013890,지누스,263.0,58.75,31019.0,0.5,90,0.58
1113,043610,지니뮤직,238.0,9.64,3088.0,0.74,0,0.0
1114,263860,지니언스,715.0,13.73,5855.0,1.68,200,2.04
1115,208350,지란지교시큐리티,1356.0,2.23,6260.0,0.48,0,0.0
1116,382480,지아이텍,152.0,16.97,2006.0,1.29,36,1.4
1117,382800,지앤비에스 에코,588.0,6.73,3047.0,1.3,0,0.0
1118,051160,지어소프트,683.0,14.33,8692.0,1.13,0,0.0
1119,053050,지에스이,186.0,21.42,3088.0,1.29,40,1.0
1120,119850,지엔씨에너지,739.0,8.65,8114.0,0.79,70,1.1
1121,013870,지엠비코리아,604.0,6.84,13635.0,0.3,150,3.63
1122,071320,지역난방공사,16508.0,2.52,180371.0,0.23,0,0.0
1123,311320,지오엘리먼트,177.0,49.1,3995.0,2.18,0,0.0
1124,388050,지투파워,37.0,186.49,1735.0,3.98,0,0.0
1125,088790,진도,353.0,5.0,8626.0,0.2,50,2.83
1126,018120,진로발효,923.0,18.44,11554.0,1.47,650,3.82
1127,086060,진바이오텍,301.0,13.29,5610.0,0.71,0,0.0
1128,036890,진성티이씨,1422.0,5.98,11615.0,0.73,200,2.35
1129,003780,진양산업,654.0,10.0,4385.0,1.49,250,3.82
1130,007370,진양제약,1175.0,6.01,8301.0,0.85,150,2.12
1131,010640,진양폴리,366.0,17.98,3222.0,2.04,250,3.8
1132,100250,진양홀딩스,675.0,4.66,6703.0,0.47,200,6.36
1133,272450,진에어,2494.0,4.01,2775.0,3.6,0,0.0
1134,002780,진흥기업,311.0,2.78,1828.0,0.47,0,0.0
1135,094850,참좋은여행,542.0,9.85,6319.0,0.85,0,0.0
1136,066360,체리부로,291.0,3.09,1742.0,0.52,0,0.0
1137,033250,체시스,103.0,13.35,1039.0,1.32,0,0.0
1138,016920,카스,71.0,17.38,2627.0,0.47,10,0.81
1139,323410,카카오뱅크,745.0,28.93,12843.0,1.68,150,0.7
1140,377300,카카오페이,19.0,1252.63,13981.0,1.7,0,0.0
1141,042000,카페24,430.0,84.53,7552.0,4.81,0,0.0
1142,119860,커넥트웨이브,42.0,427.62,14407.0,1.25,0,0.0
1143,078340,컴투스,3435.0,11.05,97651.0,0.39,2600,6.85
1144,079190,케스피온,75.0,12.12,601.0,1.51,0,0.0
1145,214370,케어젠,813.0,21.19,4626.0,3.72,640,3.71
1146,221980,케이디켐,1391.0,9.3,26053.0,0.5,500,3.86
1147,001620,케이비아이동국실업,71.0,8.63,1726.0,0.36,0,0.0
1148,192250,케이사인,66.0,15.14,1272.0,0.79,15,1.5
1149,431190,케이쓰리아이,211.0,57.2,1946.0,6.2,0,0.0
1150,029460,케이씨,3907.0,5.14,63264.0,0.32,260,1.29
1151,115500,케이씨에스,231.0,24.85,1619.0,3.55,180,3.14
1152,281820,케이씨텍,1562.0,26.15,22307.0,1.83,180,0.44
1153,089150,케이씨티,67.0,33.13,1989.0,1.12,60,2.7
1154,025880,케이씨피드,420.0,5.67,4159.0,0.57,75,3.15
1155,093320,케이아이엔엑스,5104.0,13.89,34638.0,2.05,600,0.85
1156,073010,케이에스피,349.0,13.11,1264.0,3.62,10,0.22
1157,105330,케이엔더블유,154.0,38.77,7883.0,0.76,0,0.0
1158,053080,케이엔솔,871.0,18.11,13032.0,1.21,300,1.9
1159,432470,케이엔에스,502.0,35.34,5674.0,3.13,0,0.0
1160,272110,케이엔제이,1354.0,13.58,8182.0,2.25,0,0.0
1161,039420,케이엘넷,345.0,7.43,2502.0,1.03,80,3.12
1162,381970,케이카,590.0,22.31,4876.0,2.7,760,5.78
1163,036030,케이티알파,332.0,12.74,4984.0,0.85,0,0.0
1164,064820,케이프,835.0,6.56,7390.0,0.74,300,5.47
1165,256940,케이피에스,210.0,27.38,3053.0,1.88,0,0.0
1166,024880,케이피에프,1066.0,4.55,10850.0,0.45,150,3.09
1167,042040,케이피엠테크,29.0,11.28,618.0,0.53,0,0.0
1168,054410,케이피티유,544.0,7.54,8259.0,0.5,0,0.0
1169,220260,켐트로스,106.0,53.21,2323.0,2.43,0,0.0
1170,052400,코나아이,2206.0,6.52,13072.0,1.1,500,3.48
1171,391710,코닉오토메이션,56.0,42.05,631.0,3.73,0,0.0
1172,047770,코데즈컴바인,98.0,13.16,1683.0,0.77,0,0.0
1173,104540,코렌텍,321.0,21.09,5514.0,1.23,0,0.0
1174,027050,코리아나,58.0,47.24,2825.0,0.97,0,0.0
1175,123410,코리아에프티,1097.0,5.91,6188.0,1.05,120,1.85
1176,003690,코리안리,1655.0,5.4,22088.0,0.4,540,6.04
1177,049430,코메론,1705.0,5.53,23064.0,0.41,250,2.65
1178,183300,코미코,3096.0,23.51,20223.0,3.6,400,0.55
1179,089890,코세스,420.0,25.62,4006.0,2.69,0,0.0
1180,360350,코셈,337.0,27.48,2530.0,3.66,0,0.0
1181,192820,코스맥스,5036.0,24.74,31952.0,3.9,500,0.4
1182,044820,코스맥스비티아이,948.0,9.43,24263.0,0.37,350,3.91
1183,241710,코스메카코리아,2090.0,38.56,15874.0,5.08,0,0.0
1184,005070,코스모신소재,861.0,123.58,14732.0,7.22,0,0.0
1185,029960,코엔텍,715.0,10.14,3718.0,1.95,500,6.9
1186,002020,코오롱,621.0,24.52,78295.0,0.19,550,3.61
1187,138490,코오롱ENP,863.0,7.49,7412.0,0.87,160,2.48
1188,003070,코오롱글로벌,13.0,767.69,28530.0,0.35,400,4.01
1189,450140,코오롱모빌리티그룹,196.0,12.81,2993.0,0.84,40,1.59
1190,120110,코오롱인더,1282.0,27.07,92518.0,0.38,1300,3.75
1191,021240,코웨이,6495.0,9.31,36380.0,1.66,1350,2.23
1192,033290,코웰패션,502.0,4.72,6257.0,0.38,160,6.75
1193,056360,코위버,85.0,53.29,14116.0,0.32,30,0.66
1194,282880,코윈테크,1142.0,13.25,15052.0,1.01,250,1.65
1195,448710,코츠테크놀로지,1906.0,11.15,8403.0,2.53,0,0.0
1196,126730,코칩,719.0,16.31,3436.0,3.41,0,0.0
1197,015710,코콤,183.0,20.08,7417.0,0.5,70,1.9
1198,052330,코텍,566.0,13.22,23190.0,0.32,200,2.67
1199,322780,코퍼스코리아,90.0,11.02,1540.0,0.64,10,1.01
1200,200130,콜마비앤에이치,674.0,23.12,13693.0,1.14,308,1.98
1201,031820,콤텍시스템,33.0,18.33,1300.0,0.47,0,0.0
1202,294570,쿠콘,703.0,19.62,12713.0,1.08,100,0.73
1203,192400,쿠쿠홀딩스,4187.0,5.28,34678.0,0.64,1100,4.98
1204,284740,쿠쿠홈시스,4994.0,4.16,35985.0,0.58,800,3.85
1205,182360,큐브엔터,801.0,16.94,5747.0,2.36,0,0.0
1206,405100,큐알티,219.0,69.27,8347.0,1.82,480,3.16
1207,066310,큐에스아이,294.0,25.85,9040.0,0.84,100,1.32
1208,016600,큐캐피탈,41.0,7.8,776.0,0.41,0,0.0
1209,264900,크라운제과,1834.0,4.87,16015.0,0.56,250,2.8
1210,005740,크라운해태홀딩스,1391.0,4.38,21080.0,0.29,100,1.64
1211,259960,크래프톤,12812.0,25.91,120194.0,2.76,0,0.0
1212,096240,크레버스,1805.0,8.77,5272.0,3.0,2000,12.63
1213,110790,크리스에프앤씨,1137.0,6.68,17785.0,0.43,300,3.95
1214,045520,크린앤사이언스,148.0,44.53,4551.0,1.45,0,0.0
1215,036170,클라우드에어,136.0,7.43,1969.0,0.51,0,0.0
1216,214150,클래시스,1155.0,42.77,4430.0,11.15,200,0.4
1217,237880,클리오,1560.0,20.48,12209.0,2.62,400,1.25
1218,139670,키네마스터,189.0,18.04,1180.0,2.89,0,0.0
1219,039490,키움증권,15563.0,8.78,178201.0,0.77,3000,2.19
1220,360070,탑머티리얼,2197.0,18.89,19491.0,2.13,400,0.96
1221,065130,탑엔지니어링,906.0,5.08,12128.0,0.38,0,0.0
1222,014580,태경비케이,871.0,5.59,7151.0,0.68,130,2.67
1223,015890,태경산업,790.0,6.86,10337.0,0.52,270,4.98
1224,006890,태경케미컬,1537.0,8.16,14288.0,0.88,200,1.59
1225,023160,태광,2129.0,7.23,20443.0,0.75,170,1.1
1226,011280,태림포장,73.0,32.19,4924.0,0.48,50,2.13
1227,053620,태양,918.0,7.02,22439.0,0.29,380,5.9
1228,004100,태양금속,1.0,3065.0,2714.0,1.13,10,0.33
1229,044490,태웅,1707.0,8.72,25612.0,0.58,0,0.0
1230,124560,태웅로직스,743.0,4.21,5269.0,0.59,70,2.24
1231,066700,테라젠이텍스,819.0,4.69,4240.0,0.91,0,0.0
1232,095610,테스,89.0,219.66,17040.0,1.15,500,2.56
1233,055490,테이팩스,1708.0,11.53,32047.0,0.61,300,1.52
1234,064520,테크엘,425.0,6.62,4850.0,0.58,0,0.0
1235,054450,텔레칩스,4375.0,3.52,16679.0,0.92,200,1.3
1236,078000,텔코웨어,950.0,10.57,20203.0,0.5,640,6.37
1237,200230,텔콘RF제약,124.0,5.73,901.0,0.79,0,0.0
1238,214420,토니모리,155.0,60.19,3964.0,2.35,0,0.0
1239,393210,토마토시스템,225.0,30.13,1969.0,3.44,90,1.33
1240,215480,토박스코리아,267.0,11.52,3724.0,0.83,0,0.0
1241,051360,토비스,757.0,26.62,12449.0,1.62,160,0.79
1242,045340,토탈소프트,442.0,11.19,2553.0,1.94,0,0.0
1243,108230,톱텍,1588.0,4.22,10408.0,0.64,300,4.48
1244,417790,트루엔,1092.0,8.68,8317.0,1.14,200,2.11
1245,290090,트윔,420.0,20.81,9508.0,0.92,0,0.0
1246,033830,티비씨,66.0,11.53,1337.0,0.57,18,2.37
1247,204610,티쓰리,87.0,12.99,1494.0,0.76,60,5.31
1248,064760,티씨케이,5246.0,20.59,39252.0,2.75,1200,1.11
1249,340570,티앤엘,3399.0,22.15,16050.0,4.69,550,0.73
1250,131290,티에스이,11.0,4818.18,27453.0,1.93,0,0.0
1251,019180,티에이치엔,1579.0,2.09,6196.0,0.53,60,1.82
1252,425420,티에프이,976.0,22.8,6259.0,3.55,0,0.0
1253,356860,티엘비,257.0,62.26,11281.0,1.42,200,1.25
1254,091810,티웨이항공,506.0,5.1,748.0,3.45,0,0.0
1255,004870,티웨이홀딩스,41.0,13.66,1493.0,0.38,0,0.0
1256,425040,티이엠씨,1077.0,10.96,8292.0,1.42,700,5.93
1257,241790,티이엠씨씨엔에스,1337.0,5.71,10646.0,0.72,200,2.62
1258,084730,팅크웨어,1293.0,8.84,16221.0,0.7,0,0.0
1259,034230,파라다이스,725.0,14.88,16278.0,0.66,100,0.93
1260,214450,파마리서치,7571.0,24.55,42459.0,4.38,950,0.51
1261,005690,파미셀,60.0,139.5,1340.0,6.25,0,0.0
1262,177830,파버나인,12.0,280.83,5925.0,0.57,70,2.08
1263,037070,파세코,39.0,172.82,5156.0,1.31,150,2.23
1264,150900,파수,384.0,15.49,3009.0,1.98,100,1.68
1265,047310,파워로직스,472.0,13.09,5357.0,1.15,0,0.0
1266,368770,파이버프로,88.0,44.2,983.0,3.96,20,0.51
1267,170790,파이오링크,1583.0,5.57,12063.0,0.73,300,3.4
1268,038950,파인디지털,268.0,15.21,11524.0,0.35,50,1.23
1269,441270,파인엠텍,299.0,23.51,4077.0,1.72,0,0.0
1270,140860,파크시스템스,3553.0,54.12,20734.0,9.27,400,0.21
1271,091700,파트론,539.0,13.91,8929.0,0.84,250,3.33
1272,318010,팜스빌,423.0,12.91,8247.0,0.66,100,1.83
1273,027710,팜스토리,91.0,15.55,1915.0,0.74,25,1.77
1274,004720,팜젠사이언스,352.0,16.82,12707.0,0.47,0,0.0
1275,225590,패션플랫폼,248.0,3.59,2859.0,0.31,0,0.0
1276,054300,팬스타엔터프라이즈,4.0,139.5,793.0,0.7,0,0.0
1277,068050,팬엔터테인먼트,280.0,7.66,2987.0,0.72,0,0.0
1278,028670,팬오션,458.0,8.17,8817.0,0.42,85,2.27
1279,271830,팸텍,270.0,8.78,2371.0,1.0,30,1.27
1280,010820,퍼스텍,96.0,31.88,1283.0,2.39,0,0.0
1281,016800,퍼시스,7470.0,5.59,59291.0,0.7,1200,2.87
1282,263750,펄어비스,248.0,161.69,11804.0,3.4,0,0.0
1283,251970,펌텍코리아,2206.0,17.79,19205.0,2.04,380,0.97
1284,001020,페이퍼코리아,161.0,4.55,1659.0,0.44,0,0.0
1285,168360,펨트론,335.0,12.72,1523.0,2.8,0,0.0
1286,090080,평화산업,66.0,15.88,790.0,1.33,0,0.0
1287,010770,평화홀딩스,569.0,4.9,7243.0,0.39,150,5.38
1288,119500,포메탈,161.0,18.63,4155.0,0.72,60,2.0
1289,105760,포스뱅크,982.0,7.73,5238.0,1.45,0,0.0
1290,022100,포스코DX,605.0,43.31,3026.0,8.66,100,0.38
1291,058430,포스코스틸리온,4133.0,9.85,59872.0,0.68,1615,3.97
1292,009520,포스코엠텍,117.0,142.65,2780.0,6.0,35,0.21
1293,047050,포스코인터내셔널,3939.0,12.8,35869.0,1.41,1000,1.98
1294,003670,포스코퓨처엠,371.0,541.78,30357.0,6.62,250,0.12
1295,189690,포시에스,192.0,12.84,2585.0,0.95,100,4.06
1296,318020,포인트모바일,389.0,11.39,3742.0,1.18,0,0.0
1297,331380,포커스에이치엔에스,130.0,31.73,1196.0,3.45,30,0.73
1298,472850,폰드그룹,7.0,765.71,5789.0,0.93,0,0.0
1299,039980,폴라리스AI,20.0,140.5,1509.0,1.86,0,0.0
1300,041910,폴라리스AI파마,327.0,23.61,9900.0,0.78,100,1.3
1301,234100,폴라리스세원,83.0,18.98,2829.0,0.56,0,0.0
1302,041020,폴라리스오피스,432.0,14.07,1305.0,4.66,0,0.0
1303,114630,폴라리스우노,124.0,4.83,1642.0,0.36,0,0.0
1304,005670,푸드웰,364.0,14.26,9701.0,0.53,90,1.73
1305,094940,푸른기술,330.0,20.18,4847.0,1.37,30,0.45
1306,007330,푸른저축은행,1340.0,6.43,26884.0,0.32,650,7.55
1307,017810,풀무원,255.0,48.27,8638.0,1.43,102,0.83
1308,093380,풍강,582.0,6.13,7640.0,0.47,200,5.61
1309,023900,풍국주정,672.0,16.86,12319.0,0.92,100,0.88
1310,103140,풍산,5727.0,9.64,71975.0,0.77,1200,2.17
1311,005810,풍산홀딩스,5878.0,4.47,72976.0,0.36,1400,5.33
1312,370090,퓨런티어,923.0,17.38,5992.0,2.68,0,0.0
1313,445180,퓨릿,837.0,10.1,4965.0,1.7,50,0.59
1314,035200,프럼파스트,167.0,16.89,4459.0,0.63,50,1.77
1315,321260,프로이천,122.0,20.49,1308.0,1.91,20,0.8
1316,053610,프로텍,2290.0,13.84,31733.0,1.0,400,1.26
1317,303360,프로티아,38.0,80.39,1827.0,1.67,0,0.0
1318,053160,프리엠스,137.0,61.68,11112.0,0.76,50,0.59
1319,075130,플랜티넷,101.0,20.5,4405.0,0.47,100,4.83
1320,237820,플레이디,225.0,25.29,6338.0,0.9,0,0.0
1321,032580,피델릭스,32.0,40.16,1509.0,0.85,0,0.0
1322,051380,피씨디렉트,50.0,53.1,2791.0,0.95,100,3.77
1323,237750,피앤씨테크,561.0,9.06,11052.0,0.46,0,0.0
1324,460940,피앤에스미캐닉스,278.0,48.2,1516.0,8.84,0,0.0
1325,319660,피에스케이,1813.0,16.27,13552.0,2.18,200,0.68
1326,031980,피에스케이홀딩스,2055.0,26.37,15829.0,3.42,600,1.11
1327,002230,피에스텍,234.0,17.52,7860.0,0.52,250,6.1
1328,043370,피에이치에이,3011.0,3.62,36108.0,0.3,250,2.3
1329,239890,피엔에이치테크,605.0,16.84,5022.0,2.03,0,0.0
1330,347740,피엔케이피부임상연구센타,160.0,16.16,2493.0,1.04,30,1.16
1331,137400,피엔티,3136.0,17.51,18063.0,3.04,0,0.0
1332,128660,피제이메탈,566.0,5.91,2862.0,1.17,150,4.48
1333,006140,피제이전자,411.0,14.6,8427.0,0.71,120,2.0
1334,376180,피코그램,243.0,11.6,1956.0,1.44,0,0.0
1335,347770,핌스,123.0,22.6,2619.0,1.06,0,0.0
1336,163730,핑거,486.0,13.85,5295.0,1.27,120,1.78
1337,417180,핑거스토리,126.0,19.21,1439.0,1.68,0,0.0
1338,086790,하나금융지주,11380.0,5.62,136601.0,0.47,3400,5.31
1339,166090,하나머티리얼즈,1752.0,22.23,20476.0,1.9,200,0.51
1340,293480,하나제약,1291.0,9.02,16069.0,0.72,510,4.38
1341,039130,하나투어,3036.0,15.53,10998.0,4.29,5000,10.6
1342,136480,하림,123.0,23.05,2898.0,0.98,30,1.06
1343,003380,하림지주,384.0,14.77,28683.0,0.2,120,2.12
1344,450330,하스,303.0,40.83,2537.0,4.88,0,0.0
1345,149980,하이로닉,430.0,17.3,4380.0,1.7,0,0.0
1346,013030,하이록코리아,3687.0,7.68,32055.0,0.88,1050,3.71
1347,352820,하이브,4504.0,37.41,70090.0,2.4,700,0.42
1348,126700,하이비젼시스템,3483.0,5.83,18323.0,1.11,500,2.46
1349,071090,하이스틸,65.0,52.0,7393.0,0.46,10,0.3
1350,160190,하이젠알앤엠,109.0,111.83,1858.0,6.56,0,0.0
1351,106190,하이텍팜,760.0,21.79,10069.0,1.64,100,0.6
1352,000080,하이트진로,512.0,42.87,15694.0,1.4,950,4.33
1353,000140,하이트진로홀딩스,41.0,224.39,24228.0,0.38,550,5.98
1354,066130,하츠,501.0,11.32,8477.0,0.67,90,1.59
1355,004590,한국가구,793.0,4.81,11512.0,0.33,175,4.59
1356,039340,한국경제TV,504.0,10.69,8245.0,0.65,160,2.97
1357,005430,한국공항,10275.0,5.38,113947.0,0.49,1000,1.81
1358,071050,한국금융지주,12100.0,6.08,143392.0,0.51,2650,3.6
1359,034950,한국기업평가,4570.0,18.95,23840.0,3.63,5131,5.92
1360,025540,한국단자,7068.0,10.72,90347.0,0.84,700,0.92
1361,010100,한국무브넥스,1549.0,2.59,10710.0,0.37,100,2.5
1362,256840,한국비엔씨,388.0,16.62,3157.0,2.04,0,0.0
1363,004090,한국석유,1217.0,15.31,14613.0,1.27,120,0.64
1364,002200,한국수출포장,498.0,4.89,7743.0,0.31,80,3.29
1365,002960,한국쉘석유,28753.0,11.48,97039.0,3.4,25000,7.58
1366,017890,한국알콜,489.0,21.64,23303.0,0.45,285,2.69
1367,000240,한국앤컴퍼니,1975.0,8.67,42407.0,0.4,700,4.09
1368,123890,한국자산신탁,1059.0,2.84,8459.0,0.36,220,7.32
1369,063570,한국전자금융,471.0,10.53,5987.0,0.83,125,2.52
1370,041460,한국전자인증,126.0,29.13,2834.0,1.29,70,1.91
1371,039740,한국정보공학,249.0,11.12,5737.0,0.48,0,0.0
1372,053300,한국정보인증,229.0,17.42,4353.0,0.92,70,1.75
1373,025770,한국정보통신,838.0,10.14,7585.0,1.12,0,0.0
1374,023350,한국종합기술,1282.0,3.93,15058.0,0.33,100,1.98
1375,025890,한국주강,224.0,8.91,2959.0,0.67,0,0.0
1376,000970,한국주철관,789.0,8.4,16304.0,0.41,400,6.03
1377,104700,한국철강,1756.0,4.66,21938.0,0.37,400,4.89
1378,023760,한국캐피탈,199.0,2.96,1958.0,0.3,28,4.75
1379,054040,한국컴퓨터,1513.0,3.99,10063.0,0.6,300,4.97
1380,161890,한국콜마,227.0,285.46,28347.0,2.29,600,0.93
1381,021650,한국큐빅,509.0,4.85,5323.0,0.46,70,2.83
1382,161390,한국타이어앤테크놀로지,5904.0,7.1,78306.0,0.54,1300,3.1
1383,007280,한국특강,464.0,3.3,3738.0,0.41,0,0.0
1384,032300,한국파마,8.0,2468.75,6288.0,3.14,50,0.25
1385,037230,한국팩키지,137.0,13.92,3618.0,0.53,40,2.1
1386,047810,한국항공우주,2298.0,24.89,16388.0,3.49,500,0.87
1387,123690,한국화장품,218.0,35.55,1591.0,4.87,0,0.0
1388,003350,한국화장품제조,2009.0,36.09,14516.0,4.99,100,0.14
1389,030520,한글과컴퓨터,633.0,31.2,14031.0,1.41,410,2.08
1390,052600,한네트,213.0,18.22,3167.0,1.23,150,3.87
1391,011500,한농화성,811.0,25.46,10630.0,1.94,120,0.58
1392,256150,한독크린텍,667.0,10.64,7121.0,1.0,250,3.52
1393,092460,한라IMS,4212.0,1.77,9928.0,0.75,300,4.03
1394,053690,한미글로벌,1400.0,12.04,18115.0,0.93,400,2.37
1395,042700,한미반도체,2753.0,45.95,5875.0,21.53,420,0.33
1396,008930,한미사이언스,1694.0,18.83,11621.0,2.75,200,0.63
1397,128940,한미약품,11522.0,25.04,75345.0,3.83,500,0.17
1398,452280,한선엔지니어링,345.0,35.33,3230.0,3.77,0,0.0
1399,020000,한섬,3818.0,4.27,63584.0,0.26,750,4.6
1400,003680,한성기업,216.0,25.69,9101.0,0.61,0,0.0
1401,066980,한성크린텍,18.0,103.44,2605.0,0.71,0,0.0
1402,105630,한세실업,2850.0,5.94,16345.0,1.04,500,2.96
1403,016450,한세예스24홀딩스,1437.0,3.15,12835.0,0.35,250,5.53
1404,009180,한솔로지스틱스,672.0,3.74,4255.0,0.59,100,3.98
1405,114810,한솔아이원스,77.0,136.1,5502.0,1.9,0,0.0
1406,213500,한솔제지,74.0,133.24,30442.0,0.32,500,5.07
1407,014680,한솔케미칼,9684.0,15.51,77725.0,1.93,2100,1.4
1408,004710,한솔테크닉스,1376.0,3.59,11022.0,0.45,100,2.03
1409,004150,한솔홀딩스,177.0,14.58,13520.0,0.19,100,3.88
1410,004960,한신공영,2757.0,2.63,66043.0,0.11,100,1.38
1411,430690,한싹,375.0,14.85,3263.0,1.71,0,0.0
1412,078350,한양디지텍,846.0,19.1,8912.0,1.81,0,0.0
1413,045100,한양이엔지,4540.0,4.07,31478.0,0.59,600,3.25
1414,001750,한양증권,2728.0,5.89,37102.0,0.43,800,4.98
1415,018880,한온시스템,96.0,42.14,4444.0,0.91,316,7.81
1416,009420,한올바이오파마,69.0,515.94,3673.0,9.69,0,0.0
1417,320000,한울반도체,84.0,28.1,1313.0,1.8,0,0.0
1418,024740,한일단조,239.0,8.74,3830.0,0.55,0,0.0
1419,005860,한일사료,2921.0,1.53,3961.0,1.13,75,1.68
1420,300720,한일시멘트,2457.0,5.84,22914.0,0.63,800,5.57
1421,006390,한일현대시멘트,1814.0,8.02,20229.0,0.72,700,4.81
1422,003300,한일홀딩스,3384.0,3.99,48962.0,0.28,800,5.92
1423,051600,한전KPS,3615.0,11.95,28280.0,1.53,2158,5.0
1424,052690,한전기술,858.0,81.7,14386.0,4.87,515,0.73
1425,130660,한전산업,476.0,28.05,3178.0,4.2,297,2.22
1426,002320,한진,1805.0,10.6,97491.0,0.2,600,3.14
1427,003480,한진중공업홀딩스,290.0,12.14,13048.0,0.27,100,2.84
1428,180640,한진칼,5756.0,11.29,41041.0,1.58,300,0.46
1429,079170,한창산업,301.0,27.18,11953.0,0.68,160,1.96
1430,372910,한컴라이프케어,30.0,134.83,4609.0,0.88,0,0.0
1431,054920,한컴위드,36.0,70.69,5689.0,0.45,0,0.0
1432,000880,한화,3920.0,7.63,111503.0,0.27,750,2.51
1433,088350,한화생명,954.0,3.18,17352.0,0.17,150,4.94
1434,000370,한화손해보험,1465.0,4.19,20905.0,0.29,200,3.26
1435,272210,한화시스템,1864.0,10.11,11443.0,1.65,280,1.49
1436,012450,한화에어로스페이스,16103.0,17.73,69773.0,4.09,1800,0.63
1437,042660,한화오션,736.0,43.21,14061.0,2.26,0,0.0
1438,003530,한화투자증권,42.0,84.05,7213.0,0.49,0,0.0
1439,195870,해성디에스,4966.0,6.04,30297.0,0.99,900,3.0
1440,101530,해태제과식품,816.0,7.68,10089.0,0.62,200,3.19
1441,220180,핸디소프트,107.0,30.14,3469.0,0.93,0,0.0
1442,214180,헥토이노베이션,1911.0,6.96,13612.0,0.98,360,2.71
1443,234340,헥토파이낸셜,1355.0,12.82,16558.0,1.05,350,2.01
1444,000720,현대건설,4767.0,6.58,72383.0,0.43,600,1.91
1445,170030,현대공업,869.0,7.2,9542.0,0.66,200,3.19
1446,453340,현대그린푸드,1160.0,10.58,18561.0,0.66,325,2.65
1447,086280,현대글로비스,14154.0,7.44,103446.0,1.02,6300,5.98
1448,064350,현대로템,1475.0,34.85,15391.0,3.34,100,0.19
1449,012330,현대모비스,37639.0,5.83,448144.0,0.49,4500,2.05
1450,319400,현대무벡스,36.0,82.36,1367.0,2.17,30,1.01
1451,052260,현대바이오랜드,269.0,23.31,4533.0,1.38,70,1.12
1452,004310,현대약품,226.0,21.48,3174.0,1.53,35,0.72
1453,041440,현대에버다임,358.0,22.21,10235.0,0.78,70,0.88
1454,017800,현대엘리베이,8538.0,5.08,35618.0,1.22,4000,9.23
1455,307950,현대오토에버,5024.0,32.05,57613.0,2.79,1430,0.89
1456,011210,현대위아,3432.0,14.98,127286.0,0.4,850,1.65
1457,004020,현대제철,3506.0,7.26,145198.0,0.18,1000,3.93
1458,005440,현대지에프홀딩스,12056.0,0.37,17334.0,0.26,200,4.47
1459,005380,현대차,45703.0,5.63,351861.0,0.73,11400,4.43
1460,001500,현대차증권,1595.0,5.44,32971.0,0.26,400,4.61
1461,011760,현대코퍼레이션,6968.0,2.85,48070.0,0.41,600,3.02
1462,227840,현대코퍼레이션홀딩스,3307.0,3.23,29944.0,0.36,500,4.68
1463,001450,현대해상,7610.0,4.68,77223.0,0.46,2063,5.79
1464,057050,현대홈쇼핑,11898.0,4.0,179810.0,0.26,2800,5.89
1465,460930,현대힘스,576.0,23.13,5974.0,2.23,0,0.0
1466,092300,현우산업,568.0,5.7,5492.0,0.59,100,3.09
1467,011080,형지I&C,73.0,8.48,1184.0,0.52,0,0.0
1468,093240,형지엘리트,65.0,16.66,2270.0,0.48,0,0.0
1469,003010,혜인,689.0,7.68,10682.0,0.5,170,3.21
1470,111110,호전실업,1864.0,3.65,16258.0,0.42,300,4.41
1471,008770,호텔신라,2270.0,20.95,16074.0,2.96,200,0.42
1472,060560,홈센타홀딩스,181.0,5.67,1245.0,0.82,20,1.95
1473,039610,화성밸브,775.0,15.2,8503.0,1.39,0,0.0
1474,378850,화승알앤에이,1275.0,3.18,5925.0,0.68,50,1.23
1475,013520,화승코퍼레이션,78.0,25.71,3617.0,0.55,50,2.49
1476,010690,화신,2274.0,4.23,12808.0,0.75,150,1.56
1477,126640,화신정공,258.0,5.17,3370.0,0.4,50,3.75
1478,127980,화인써키트,395.0,18.73,3597.0,2.06,400,5.41
1479,061250,화일약품,59.0,30.25,2718.0,0.66,0,0.0
1480,010660,화천기계,38.0,78.95,6253.0,0.48,30,1.0
1481,000850,화천기공,4801.0,5.96,157067.0,0.18,1300,4.55
1482,016580,환인제약,1950.0,7.12,23463.0,0.59,300,2.16
1483,032560,황금에스티,1420.0,4.06,20946.0,0.28,150,2.6
1484,004800,효성,3.0,14700.0,123794.0,0.36,3000,6.8
1485,094280,효성ITX,1226.0,10.59,5896.0,2.2,750,5.78
1486,097870,효성오앤비,155.0,44.84,8899.0,0.78,0,0.0
1487,298040,효성중공업,12455.0,26.42,116016.0,2.84,2500,0.76
1488,298050,효성첨단소재,7957.0,35.38,151670.0,1.86,6500,2.31
1489,298020,효성티앤씨,21595.0,13.38,295349.0,0.98,10000,3.46
1490,081660,휠라홀딩스,709.0,57.9,31752.0,1.29,1090,2.66
1491,290270,휴네시온,720.0,5.35,4482.0,0.86,40,1.04
1492,005870,휴니드,1366.0,5.81,12343.0,0.64,0,0.0
1493,353190,휴럼,84.0,11.58,978.0,0.99,0,0.0
1494,078590,휴림에이텍,155.0,4.81,807.0,0.92,0,0.0
1495,200670,휴메딕스,2512.0,14.25,19054.0,1.88,525,1.47
1496,065510,휴비츠,928.0,11.53,10186.0,1.05,200,1.87
1497,005010,휴스틸,1285.0,3.11,17923.0,0.22,250,6.25
1498,263920,휴엠앤씨,210.0,5.28,826.0,1.34,0,0.0
1499,243070,휴온스,4261.0,7.09,27406.0,1.1,630,2.09
1500,084110,휴온스글로벌,3134.0,8.33,40972.0,0.64,525,2.01
1501,145020,휴젤,8217.0,35.05,68347.0,4.21,0,0.0
1502,024060,흥구석유,78.0,206.03,5440.0,2.95,50,0.31
1503,010240,흥국,1182.0,4.31,8598.0,0.59,240,4.71
1504,189980,흥국에프엔비,221.0,8.59,2449.0,0.78,40,2.11
1505,000540,흥국화재,4664.0,0.89,20881.0,0.2,0,0.0
1506,003280,흥아해운,142.0,15.99,690.0,3.29,0,0.0
1507,037440,희림,489.0,11.39,5583.0,1.0,150,2.69
1508,238490,힘스,511.0,9.29,6174.0,0.77,50,1.05
